annotation_id,prolific_id,session_id,candidate_id,knowledge,power,status,trust,support,similarity,identity,fun,conflict,other,other_sp,none,romance
1,test6,test,718b5d62-e3de-4864-a4f9-b8b1deb4d4cc,0,0,0,0,0,0,0,1,0,0,,0,0
2,test6,test,718b5d62-e3de-4864-a4f9-b8b1deb4d4cc,0,1,1,0,0,0,0,0,0,0,,0,0
3,test6,test,ff071f70-2352-47a1-80b0-e62b9a355ddb,0,0,0,0,1,0,0,0,0,0,,0,0
4,test6,test,f8cf7bc2-1501-4a87-b3da-65365e774acb,0,0,0,0,0,0,0,1,0,0,,0,0
5,675ab3f6c12c9e3fd27046b3,6909f5392f09a7f5ce4726a4,21710864-d231-4a3c-8257-a6a255fa4276,0,0,0,0,0,0,0,1,0,0,,0,0
6,675ab3f6c12c9e3fd27046b3,6909f5392f09a7f5ce4726a4,6e21172f-d60f-4d66-8215-d85f20fbbec3,1,0,0,0,0,0,0,0,0,0,,0,0
7,675ab3f6c12c9e3fd27046b3,6909f5392f09a7f5ce4726a4,9f308ca8-d387-4de8-a3a7-8e06adccc5d0,0,0,0,0,0,0,0,0,1,0,,0,0
8,675ab3f6c12c9e3fd27046b3,6909f5392f09a7f5ce4726a4,0dc6c761-a511-4cf4-bfa7-79ea52b6130b,1,0,0,0,0,0,0,0,0,0,,0,0
9,675ab3f6c12c9e3fd27046b3,6909f5392f09a7f5ce4726a4,05d46782-3835-45b3-8c30-422fd3bd8f3e,1,0,0,0,1,1,0,0,0,0,,0,0
10,675ab3f6c12c9e3fd27046b3,6909f5392f09a7f5ce4726a4,03cba502-a89e-4841-ac44-a5ca5fdeec8e,1,0,0,0,0,0,0,0,0,0,,0,0
11,675ab3f6c12c9e3fd27046b3,6909f5392f09a7f5ce4726a4,4d35bef6-a0d5-48b9-adad-b18987e7f16b,0,0,0,0,0,1,0,0,0,0,,0,0
12,675ab3f6c12c9e3fd27046b3,6909f5392f09a7f5ce4726a4,5df74723-e6ae-4ca4-a5ac-ab57f33b1b31,0,0,0,0,1,1,0,0,0,0,,0,0
13,675ab3f6c12c9e3fd27046b3,6909f5392f09a7f5ce4726a4,4610d349-d2cc-4a55-8fba-505110d0ae8a,0,1,0,0,0,0,0,0,1,0,,0,0
14,675ab3f6c12c9e3fd27046b3,6909f5392f09a7f5ce4726a4,739b3112-17c0-4228-9310-af8313c71584,0,0,0,0,0,0,0,1,0,0,,0,0
15,675ab3f6c12c9e3fd27046b3,6909f5392f09a7f5ce4726a4,26e7188e-5f1c-4ec0-8c91-eaf4d7bfa609,0,0,1,0,1,0,0,0,0,0,,0,0
16,675ab3f6c12c9e3fd27046b3,6909f5392f09a7f5ce4726a4,7c536ca3-fa0f-4df5-8883-61c4bd3da314,0,0,1,0,1,1,0,0,0,0,,0,0
17,6704539fe462b87182866f14,6909f5b082ea2573dd2c6a74,34d7ea05-1eb6-4504-9cd9-e34a06061029,1,0,0,0,0,0,0,0,0,0,,0,0
18,62b8b2be4c2b1d481f4f68c0,6909f5c61b2155beb3f10b80,5b109327-6b1a-4489-9d8f-e2a16bd58ec5,0,0,1,0,0,1,0,0,0,0,,0,0
19,6704539fe462b87182866f14,6909f5b082ea2573dd2c6a74,92a28a09-a7b8-4916-b665-5a3d593a17eb,0,0,0,0,1,0,0,0,0,0,,0,0
20,62b8b2be4c2b1d481f4f68c0,6909f5c61b2155beb3f10b80,06aaac47-6dbb-431f-a397-d3d458a6ecaa,0,0,0,0,0,0,0,0,1,0,,0,0
21,6704539fe462b87182866f14,6909f5b082ea2573dd2c6a74,75644b3d-78b0-42bd-b5a8-4f6628ba9ee7,0,0,0,0,0,1,0,0,0,0,,0,0
22,62b8b2be4c2b1d481f4f68c0,6909f5c61b2155beb3f10b80,160d0ee4-c2ad-48fe-bc78-79f7ef00b902,1,0,0,0,0,0,0,0,0,0,,0,0
23,6704539fe462b87182866f14,6909f5b082ea2573dd2c6a74,90abe2ec-23a7-4c84-b900-7a478c0adcc5,0,0,0,0,0,0,0,0,1,0,,0,0
24,62b8b2be4c2b1d481f4f68c0,6909f5c61b2155beb3f10b80,8c5148e0-d380-4ee8-bcab-d4cc3c649e28,1,0,0,0,0,0,0,0,0,0,,0,0
25,6704539fe462b87182866f14,6909f5b082ea2573dd2c6a74,2ca48e43-23b6-4611-911b-f643e405b89e,0,0,0,0,0,0,0,1,0,0,,0,0
26,650af1f596e19d8c93187d97,6909f6c08d9e923750c0b9f6,9f308ca8-d387-4de8-a3a7-8e06adccc5d0,0,0,0,0,0,1,0,0,1,0,,0,0
27,6704539fe462b87182866f14,6909f5b082ea2573dd2c6a74,a70e39cb-aa65-4de1-8d5c-f30026e0990a,0,0,0,0,1,0,0,0,0,0,,0,0
28,650af1f596e19d8c93187d97,6909f6c08d9e923750c0b9f6,ad257275-8598-46a9-8c53-ac2df6d1c3fe,0,0,0,0,0,1,0,1,0,0,,0,0
29,6704539fe462b87182866f14,6909f5b082ea2573dd2c6a74,3ab8ecba-d8e0-4073-bd67-3b34fbeeb5e2,0,0,0,0,1,0,0,0,0,0,,0,0
30,62b8b2be4c2b1d481f4f68c0,6909f5c61b2155beb3f10b80,1fde5f07-c8a8-44a6-9ad8-03727cd6c8b5,1,0,0,0,0,0,0,0,0,0,,0,0
31,6704539fe462b87182866f14,6909f5b082ea2573dd2c6a74,3e0c7cda-8749-4b88-b7c4-1d17e6869c9c,0,0,0,0,0,0,0,0,1,0,,0,0
32,650af1f596e19d8c93187d97,6909f6c08d9e923750c0b9f6,7c54b9b0-0d85-4e52-8c4f-0bf2b57db69b,0,0,0,0,0,0,0,0,1,0,,0,0
33,6704539fe462b87182866f14,6909f5b082ea2573dd2c6a74,ef54feeb-4fd4-4dfb-b3df-d539232b001f,1,0,0,0,0,0,0,0,0,0,,0,0
34,67151b09180ba43415c564e8,6909f5b84fc3dedb8a530467,9232b064-c542-421f-9bd9-ac73860f6617,0,0,0,0,0,0,0,0,1,0,,0,0
35,6704539fe462b87182866f14,6909f5b082ea2573dd2c6a74,a1f69970-0a15-4261-b841-6c247e090a52,0,0,0,0,0,1,0,0,0,0,,0,0
36,62b8b2be4c2b1d481f4f68c0,6909f5c61b2155beb3f10b80,ae0493ca-ec1a-4f78-8557-41a231645f1a,1,0,0,0,0,0,1,0,0,0,,0,0
37,6704539fe462b87182866f14,6909f5b082ea2573dd2c6a74,16389d80-4828-4199-91f7-b37398b5f658,0,0,0,0,0,1,1,0,0,0,,0,0
38,650af1f596e19d8c93187d97,6909f6c08d9e923750c0b9f6,98fb4f05-1a1b-4524-b438-1982cae2fc31,0,0,0,0,0,1,1,0,0,0,,0,0
39,67151b09180ba43415c564e8,6909f5b84fc3dedb8a530467,77a74c12-3e3e-4adc-9f00-8e13e57fdc69,0,0,1,0,0,0,1,1,0,0,,0,0
40,6704539fe462b87182866f14,6909f5b082ea2573dd2c6a74,31938868-5769-4242-8da8-a382493ab206,0,0,0,0,1,1,0,0,0,0,,0,0
41,6704539fe462b87182866f14,6909f5b082ea2573dd2c6a74,cd7b8e04-1e56-4beb-b433-41ee001f0746,0,0,0,0,0,1,0,0,0,0,,0,0
42,6704539fe462b87182866f14,6909f5b082ea2573dd2c6a74,e2c4c2a4-a524-478d-bd70-7ca03c2eaa04,0,0,0,0,0,1,0,0,0,0,,0,0
43,650af1f596e19d8c93187d97,6909f6c08d9e923750c0b9f6,dfd4f9cf-06d3-4716-9a61-8af2bdab28c7,1,0,0,0,0,0,0,0,0,0,,0,0
44,6704539fe462b87182866f14,6909f5b082ea2573dd2c6a74,e994806f-f1c0-4dd4-9850-b9ad0444a655,0,0,0,0,0,1,1,0,0,0,,0,0
45,67151b09180ba43415c564e8,6909f5b84fc3dedb8a530467,6a64b082-f26f-43d5-9ebf-3d1dfe53cc61,0,0,0,0,1,1,0,1,0,0,,0,0
46,6704539fe462b87182866f14,6909f5b082ea2573dd2c6a74,cd95d685-d636-43d1-a00f-aa30dd77e7fa,0,0,0,0,0,1,1,0,0,0,,0,0
47,650af1f596e19d8c93187d97,6909f6c08d9e923750c0b9f6,9b89f9b5-ea62-47a2-ba30-3129b0b8077f,0,0,1,0,0,1,0,0,0,0,,0,0
48,62b8b2be4c2b1d481f4f68c0,6909f5c61b2155beb3f10b80,9232b064-c542-421f-9bd9-ac73860f6617,0,0,1,0,0,0,0,1,0,0,,0,0
49,650af1f596e19d8c93187d97,6909f6c08d9e923750c0b9f6,a23c25f5-af4b-4394-9e4f-a0d4db342aab,1,0,0,0,0,0,0,0,0,0,,0,0
50,62b8b2be4c2b1d481f4f68c0,6909f5c61b2155beb3f10b80,6e21172f-d60f-4d66-8215-d85f20fbbec3,1,0,0,0,0,0,0,0,0,0,,0,0
51,67151b09180ba43415c564e8,6909f5b84fc3dedb8a530467,b18b9dbd-a343-41bd-9655-c833fd912221,0,0,1,0,0,1,1,1,0,0,,0,0
52,6704539fe462b87182866f14,6909f5b082ea2573dd2c6a74,0404ef1d-d00c-439e-a4d6-7a1fe006527e,0,0,0,0,0,1,0,0,0,0,,0,0
53,67151b09180ba43415c564e8,6909f5b84fc3dedb8a530467,1b44001d-2862-4a2a-af05-b867a4deb6f9,0,0,1,0,1,1,0,0,0,0,,0,0
54,62b8b2be4c2b1d481f4f68c0,6909f5c61b2155beb3f10b80,e92677c4-48c1-4749-bc6a-ffd0d9e29414,0,0,0,0,0,0,0,0,0,0,,1,0
55,6704539fe462b87182866f14,6909f5b082ea2573dd2c6a74,480a4fb0-e1ec-4550-aa2e-d4c3b03ad983,0,0,0,0,0,1,1,0,0,0,,0,0
56,62b8b2be4c2b1d481f4f68c0,6909f5c61b2155beb3f10b80,b94e390e-59e5-4c98-ab31-ba6eb3e13fea,1,0,0,0,0,0,0,0,0,0,,0,0
57,67151b09180ba43415c564e8,6909f5b84fc3dedb8a530467,622b424d-a348-4f38-8e05-a28d7f7a39eb,1,0,0,0,0,0,0,0,0,0,,0,0
58,6704539fe462b87182866f14,6909f5b082ea2573dd2c6a74,dfecd88a-cf93-4747-bfc5-0c2ae98cf856,0,0,0,0,0,1,1,0,0,0,,0,0
59,6704539fe462b87182866f14,6909f5b082ea2573dd2c6a74,3aea37ac-bc63-426b-9e5f-74ee876f8d46,0,0,0,0,0,1,1,0,0,0,,0,0
60,6704539fe462b87182866f14,6909f5b082ea2573dd2c6a74,0c63fb9d-9c54-4a06-a9cc-5bc086c8bb43,0,0,0,0,0,1,1,0,0,0,,0,0
61,62b8b2be4c2b1d481f4f68c0,6909f5c61b2155beb3f10b80,d697e47f-e538-40e4-bf64-1e79ef99d959,0,0,0,0,0,0,0,0,1,0,,0,0
62,6704539fe462b87182866f14,6909f5b082ea2573dd2c6a74,957e911e-df98-40b2-b7f8-ce226f28e8e2,0,0,0,0,0,1,1,0,0,0,,0,0
63,67151b09180ba43415c564e8,6909f5b84fc3dedb8a530467,dfd4f9cf-06d3-4716-9a61-8af2bdab28c7,1,0,0,0,0,0,0,1,0,0,,0,0
64,6704539fe462b87182866f14,6909f5b082ea2573dd2c6a74,c418b0a2-1f0e-49ba-b0e0-7b3367a1acc3,0,0,0,0,0,1,1,0,0,0,,0,0
65,6704539fe462b87182866f14,6909f5b082ea2573dd2c6a74,3e4eb78c-03ee-469a-bcac-046af516ee8d,0,0,0,0,0,1,1,0,0,0,,0,0
66,6704539fe462b87182866f14,6909f5b082ea2573dd2c6a74,718b5d62-e3de-4864-a4f9-b8b1deb4d4cc,0,0,0,0,0,1,1,0,0,0,,0,0
67,6704539fe462b87182866f14,6909f5b082ea2573dd2c6a74,16de6450-e0c3-4fe1-a88e-6f9a3f83bea3,0,0,0,0,0,1,1,0,0,0,,0,0
68,6704539fe462b87182866f14,6909f5b082ea2573dd2c6a74,109f2160-605e-42ee-afb8-4950e3c4e3cc,0,0,0,0,0,1,1,0,0,0,,0,0
69,6704539fe462b87182866f14,6909f5b082ea2573dd2c6a74,cf60c4d8-3acc-4618-a678-844f51dd36a3,0,0,0,0,0,1,1,0,0,0,,0,0
70,67151b09180ba43415c564e8,6909f5b84fc3dedb8a530467,41207e07-5960-4478-b192-5b45d7b266f1,1,0,0,0,0,0,0,0,0,0,,0,0
71,650af1f596e19d8c93187d97,6909f6c08d9e923750c0b9f6,f77d5253-3770-4cfe-af13-3f5f6d287e28,0,0,1,0,0,0,0,0,0,0,,0,0
72,6704539fe462b87182866f14,6909f5b082ea2573dd2c6a74,99906810-85c3-4f81-8590-c1145f7a93bd,0,0,0,0,0,1,1,0,0,0,,0,0
73,62b8b2be4c2b1d481f4f68c0,6909f5c61b2155beb3f10b80,3ab8ecba-d8e0-4073-bd67-3b34fbeeb5e2,0,0,1,0,0,0,0,0,0,0,,0,0
74,650af1f596e19d8c93187d97,6909f6c08d9e923750c0b9f6,f363cce5-b706-41ec-9cb1-c14dff3bd2d1,0,0,1,0,1,0,0,0,0,0,,0,0
75,6704539fe462b87182866f14,6909f5b082ea2573dd2c6a74,822cd84e-7f47-4110-bf4b-c29e6c86f3b6,0,0,0,0,0,1,1,0,0,0,,0,0
76,6704539fe462b87182866f14,6909f5b082ea2573dd2c6a74,0c1eed8f-60fb-4d9b-bb57-47f7c5a4fad1,0,0,0,0,0,1,1,0,0,0,,0,0
77,6704539fe462b87182866f14,6909f5b082ea2573dd2c6a74,96794ad5-f662-4265-8dd5-682785a8ed5e,0,0,0,0,0,1,1,0,0,0,,0,0
78,67151b09180ba43415c564e8,6909f5b84fc3dedb8a530467,5be11f5f-5886-4eff-9c3c-707640ec2279,0,0,1,0,0,0,0,1,0,0,,0,0
79,6704539fe462b87182866f14,6909f5b082ea2573dd2c6a74,fb7a1d5c-d914-49b0-a0f2-02765579d6cd,0,0,0,0,0,1,1,0,0,0,,0,0
80,6704539fe462b87182866f14,6909f5b082ea2573dd2c6a74,dacbec05-3453-4106-a5a4-0035368235de,0,0,0,0,0,1,1,0,0,0,,0,0
81,62b8b2be4c2b1d481f4f68c0,6909f5c61b2155beb3f10b80,ff60222e-3d62-4982-b93e-b707f4eb9a1c,1,0,0,0,0,0,0,1,0,0,,0,0
82,6704539fe462b87182866f14,6909f5b082ea2573dd2c6a74,25ef18e5-ee0e-4d85-90f5-058038af31c1,0,0,0,0,0,1,1,0,0,0,,0,0
83,650af1f596e19d8c93187d97,6909f6c08d9e923750c0b9f6,b269e2e7-e0a9-403f-b6a5-0a86cbda2d6f,1,0,0,0,0,0,0,0,1,0,,0,0
84,6704539fe462b87182866f14,6909f5b082ea2573dd2c6a74,6fe9fa48-104a-45f9-b86c-da1cbeee4da9,0,0,0,0,0,1,1,0,0,0,,0,0
85,67151b09180ba43415c564e8,6909f5b84fc3dedb8a530467,70c95c0e-9b28-4d0c-be46-52f5ceb4e5d3,0,0,0,0,0,0,0,0,1,0,,0,0
86,6704539fe462b87182866f14,6909f5b082ea2573dd2c6a74,f65909c2-a39b-4f85-9c53-102fb10fc978,0,0,0,0,0,1,1,0,0,0,,0,0
87,6704539fe462b87182866f14,6909f5b082ea2573dd2c6a74,93a1ed11-4dbb-4c58-aab4-441c8f438660,0,0,0,0,0,1,1,0,0,0,,0,0
88,6704539fe462b87182866f14,6909f5b082ea2573dd2c6a74,f1e92313-dc8c-4e37-829d-defe6563e99a,0,0,0,0,0,1,1,0,0,0,,0,0
89,62b8b2be4c2b1d481f4f68c0,6909f5c61b2155beb3f10b80,21710864-d231-4a3c-8257-a6a255fa4276,0,0,0,0,0,0,0,1,0,0,,0,0
90,6704539fe462b87182866f14,6909f5b082ea2573dd2c6a74,dced8c78-20fd-4bbe-976f-068cfe54fe58,0,0,0,0,0,1,1,0,0,0,,0,0
91,67151b09180ba43415c564e8,6909f5b84fc3dedb8a530467,fe4cf28e-8784-4df7-a99f-93f211725984,1,0,0,0,0,0,0,0,0,0,,0,0
92,650af1f596e19d8c93187d97,6909f6c08d9e923750c0b9f6,01986d45-2e0c-477b-98b5-b89fb1dd2029,1,0,0,0,0,1,0,1,0,0,,0,0
93,67151b09180ba43415c564e8,6909f5b84fc3dedb8a530467,4d35bef6-a0d5-48b9-adad-b18987e7f16b,1,0,0,0,0,0,0,0,0,0,,0,0
94,62b8b2be4c2b1d481f4f68c0,6909f5c61b2155beb3f10b80,ad257275-8598-46a9-8c53-ac2df6d1c3fe,0,0,0,0,0,0,0,1,0,0,,0,0
95,62b8b2be4c2b1d481f4f68c0,6909f5c61b2155beb3f10b80,f77d5253-3770-4cfe-af13-3f5f6d287e28,1,0,0,0,0,0,0,0,0,0,,0,0
96,67151b09180ba43415c564e8,6909f5b84fc3dedb8a530467,a1f69970-0a15-4261-b841-6c247e090a52,0,0,1,0,0,0,0,1,0,0,,0,0
97,67151b09180ba43415c564e8,6909f5b84fc3dedb8a530467,d697e47f-e538-40e4-bf64-1e79ef99d959,0,0,0,0,0,0,0,0,1,0,,0,0
98,6704539fe462b87182866f14,6909f5b082ea2573dd2c6a74,3985139e-3e49-442d-aa34-2c2f136e050f,0,0,0,0,0,1,1,0,0,0,,0,0
99,67151b09180ba43415c564e8,6909f5b84fc3dedb8a530467,570f45ef-8f9f-484f-9e9c-ef39ce5185dd,0,0,0,0,0,0,0,0,1,0,,0,0
100,6704539fe462b87182866f14,6909f5b082ea2573dd2c6a74,4ad04e68-e700-4af8-82e8-efdd54e4c4e7,0,0,0,0,0,1,1,0,0,0,,0,0
101,62b8b2be4c2b1d481f4f68c0,6909f5c61b2155beb3f10b80,1b0c9e94-0706-42fa-8924-6cf7d5b23ea5,1,0,0,0,0,0,0,0,0,0,,0,0
102,6704539fe462b87182866f14,6909f5b082ea2573dd2c6a74,b21c68d3-e72c-422c-b7d1-962cceb6f896,0,0,0,0,0,1,1,0,0,0,,0,0
103,67151b09180ba43415c564e8,6909f5b84fc3dedb8a530467,bf8642d9-c81a-4678-a1aa-69d364b54b39,0,0,0,0,1,0,0,0,0,0,,0,0
104,6704539fe462b87182866f14,6909f5b082ea2573dd2c6a74,f052e783-6f44-4020-8fe3-8f082aab5e6e,0,0,0,0,0,1,1,0,0,0,,0,0
105,650af1f596e19d8c93187d97,6909f6c08d9e923750c0b9f6,d3ff91b2-f704-4c28-b333-8cb1c325fc95,0,0,0,0,0,0,0,1,0,0,,0,0
106,6704539fe462b87182866f14,6909f5b082ea2573dd2c6a74,ebb79819-ae51-4f9b-b14d-5ae3411ccfc0,0,0,0,0,0,1,1,0,0,0,,0,0
107,62b8b2be4c2b1d481f4f68c0,6909f5c61b2155beb3f10b80,b0529112-a709-4cf9-b4fa-5a985650dece,0,0,0,0,1,0,0,0,0,0,,0,0
108,6704539fe462b87182866f14,6909f5b082ea2573dd2c6a74,265ea968-ecad-42ca-92b0-1207ea00ad98,0,0,0,0,0,1,1,0,0,0,,0,0
109,6704539fe462b87182866f14,6909f5b082ea2573dd2c6a74,f6c0d93a-90b0-4f3c-8ffe-01d35a436b5d,0,0,0,0,0,1,1,0,0,0,,0,0
110,67151b09180ba43415c564e8,6909f5b84fc3dedb8a530467,3a86f631-ab1b-4571-9a2a-f2e19b42a884,1,0,0,0,0,0,0,0,1,0,,0,0
111,6704539fe462b87182866f14,6909f5b082ea2573dd2c6a74,7b4a1d2a-61c4-40dd-add8-a2d504e75284,0,0,0,0,0,1,1,0,0,0,,0,0
112,6704539fe462b87182866f14,6909f5b082ea2573dd2c6a74,eaa53c4c-cf2f-4433-8a63-48293da1b345,0,0,0,0,0,1,1,0,0,0,,0,0
113,62b8b2be4c2b1d481f4f68c0,6909f5c61b2155beb3f10b80,7d86cc99-5199-43a0-bce7-7f576b5273e9,1,0,1,0,0,0,0,0,0,0,,0,0
114,62b8b2be4c2b1d481f4f68c0,6909f5c61b2155beb3f10b80,7f213f5b-3a41-44d0-b96f-e796b67c42c6,1,0,0,0,0,0,0,0,0,0,,0,0
115,650af1f596e19d8c93187d97,6909f6c08d9e923750c0b9f6,02541e52-7829-405b-9341-668c96480402,0,0,1,0,0,0,0,0,0,0,,0,0
116,6704539fe462b87182866f14,6909f5b082ea2573dd2c6a74,5c8a26fc-42b7-4527-8f89-b2943d9f991b,0,0,0,0,0,0,0,0,0,0,,1,0
117,67151b09180ba43415c564e8,6909f5b84fc3dedb8a530467,e1bba538-2a79-4274-a371-4b458fc5b3f4,1,0,0,0,0,0,0,0,0,0,,0,0
118,6704539fe462b87182866f14,6909f5b082ea2573dd2c6a74,34d7ea05-1eb6-4504-9cd9-e34a06061029,0,0,0,0,0,0,0,0,0,0,,1,0
119,62b8b2be4c2b1d481f4f68c0,6909f5c61b2155beb3f10b80,74936dfa-aaae-4f41-9915-e7b4c76e1506,1,0,1,0,0,0,0,1,0,0,,0,0
120,6704539fe462b87182866f14,6909f5b082ea2573dd2c6a74,92a28a09-a7b8-4916-b665-5a3d593a17eb,0,0,0,0,0,0,0,0,0,0,,1,0
121,67151b09180ba43415c564e8,6909f5b84fc3dedb8a530467,26e7188e-5f1c-4ec0-8c91-eaf4d7bfa609,0,0,1,0,0,0,0,0,0,0,,0,0
122,650af1f596e19d8c93187d97,6909f6c08d9e923750c0b9f6,a8e3570f-7470-422a-9b92-6be2f883780e,0,0,0,0,0,0,0,0,1,0,,0,0
123,650af1f596e19d8c93187d97,6909f6c08d9e923750c0b9f6,34d7ea05-1eb6-4504-9cd9-e34a06061029,0,0,0,0,0,1,0,0,0,0,,0,0
124,6704539fe462b87182866f14,6909f5b082ea2573dd2c6a74,90abe2ec-23a7-4c84-b900-7a478c0adcc5,0,0,0,0,0,0,0,0,0,0,,1,0
125,67151b09180ba43415c564e8,6909f5b84fc3dedb8a530467,7b4a1d2a-61c4-40dd-add8-a2d504e75284,0,0,0,0,0,1,0,1,0,0,,0,0
126,62b8b2be4c2b1d481f4f68c0,6909f5c61b2155beb3f10b80,ebb79819-ae51-4f9b-b14d-5ae3411ccfc0,0,0,0,0,0,0,0,0,0,0,,1,0
127,650af1f596e19d8c93187d97,6909f6c08d9e923750c0b9f6,ff071f70-2352-47a1-80b0-e62b9a355ddb,0,0,0,0,0,0,0,0,0,0,,1,0
128,62b8b2be4c2b1d481f4f68c0,6909f5c61b2155beb3f10b80,95ae8f2e-c9e3-4acf-859c-b146955605c1,1,0,0,0,1,0,0,0,0,0,,0,0
129,650af1f596e19d8c93187d97,6909f6c08d9e923750c0b9f6,56697747-91f3-4b5c-846c-7ad8f0df521e,1,0,0,0,0,0,0,0,0,0,,0,0
130,67151b09180ba43415c564e8,6909f5b84fc3dedb8a530467,2d0ab5a6-733c-4280-b774-c9a3cff29857,1,0,0,0,0,1,0,0,0,0,,0,0
131,650af1f596e19d8c93187d97,6909f6c08d9e923750c0b9f6,4e99ac23-77eb-4386-a281-ec8c68e8b1db,1,0,0,0,0,0,0,0,0,0,,0,0
132,675ab3f6c12c9e3fd27046b3,6909f5392f09a7f5ce4726a4,f65909c2-a39b-4f85-9c53-102fb10fc978,1,0,0,0,0,0,0,0,0,0,,0,0
133,62b8b2be4c2b1d481f4f68c0,6909f5c61b2155beb3f10b80,ddc2f955-9396-4558-9215-4c00bfcc10e1,0,0,0,0,0,0,0,0,1,0,,0,0
134,67151b09180ba43415c564e8,6909f5b84fc3dedb8a530467,16de6450-e0c3-4fe1-a88e-6f9a3f83bea3,1,0,0,0,0,0,0,0,0,0,,0,0
135,650af1f596e19d8c93187d97,6909f6c08d9e923750c0b9f6,e0800a75-cbbb-44af-b56d-987c0732eacc,0,0,0,0,0,1,0,0,0,0,,0,0
136,675ab3f6c12c9e3fd27046b3,6909f5392f09a7f5ce4726a4,c967a471-adfd-4549-b5dc-1f6f85b880b4,0,0,0,0,1,0,0,0,0,0,,0,0
137,62b8b2be4c2b1d481f4f68c0,6909f5c61b2155beb3f10b80,718b5d62-e3de-4864-a4f9-b8b1deb4d4cc,0,0,0,0,0,0,0,0,1,0,,0,0
138,67151b09180ba43415c564e8,6909f5b84fc3dedb8a530467,e5b12311-10a0-45c1-8cd5-5087a14c0184,0,0,0,0,0,1,1,0,0,0,,0,0
139,675ab3f6c12c9e3fd27046b3,6909f5392f09a7f5ce4726a4,4c6f1502-99f2-4c93-bbb8-4b1dbbbb0805,1,0,0,0,0,1,1,0,0,0,,0,0
140,62b8b2be4c2b1d481f4f68c0,6909f5c61b2155beb3f10b80,dced8c78-20fd-4bbe-976f-068cfe54fe58,1,0,0,0,0,0,0,1,0,0,,0,0
141,675ab3f6c12c9e3fd27046b3,6909f5392f09a7f5ce4726a4,c5ea6a47-be35-4bee-a6b6-9a8cf67ef369,0,0,0,0,0,0,0,0,1,0,,0,0
142,650af1f596e19d8c93187d97,6909f6c08d9e923750c0b9f6,14ea34bf-b4ab-47f0-992a-857b835b00e8,1,0,0,0,0,1,1,0,0,0,,0,0
143,67151b09180ba43415c564e8,6909f5b84fc3dedb8a530467,cd95d685-d636-43d1-a00f-aa30dd77e7fa,1,0,0,0,0,1,0,0,0,0,,0,0
144,675ab3f6c12c9e3fd27046b3,6909f5392f09a7f5ce4726a4,f6c0d93a-90b0-4f3c-8ffe-01d35a436b5d,0,0,0,0,0,0,0,0,1,0,,0,0
145,62b8b2be4c2b1d481f4f68c0,6909f5c61b2155beb3f10b80,6a38930c-7864-4324-8109-44f37e408fd4,1,0,0,0,0,0,0,0,0,0,,0,0
146,675ab3f6c12c9e3fd27046b3,6909f5392f09a7f5ce4726a4,7461f20a-6917-4897-bd2d-2c6adf5361bb,1,0,0,0,0,0,0,0,0,0,,0,0
147,62b8b2be4c2b1d481f4f68c0,6909f5c61b2155beb3f10b80,3cb44f5b-fcb1-4367-bbad-8a1900148f7a,0,0,0,0,0,0,0,0,1,0,,0,0
148,650af1f596e19d8c93187d97,6909f6c08d9e923750c0b9f6,e2c4c2a4-a524-478d-bd70-7ca03c2eaa04,0,1,0,0,0,0,0,0,1,0,,0,0
149,675ab3f6c12c9e3fd27046b3,6909f5392f09a7f5ce4726a4,1b0c9e94-0706-42fa-8924-6cf7d5b23ea5,1,0,0,0,0,0,1,0,0,0,,0,0
150,650af1f596e19d8c93187d97,6909f6c08d9e923750c0b9f6,4610d349-d2cc-4a55-8fba-505110d0ae8a,0,0,0,0,0,0,0,0,1,0,,0,0
151,650af1f596e19d8c93187d97,6909f6c08d9e923750c0b9f6,e5b12311-10a0-45c1-8cd5-5087a14c0184,1,0,0,0,0,1,0,0,0,0,,0,0
152,62b8b2be4c2b1d481f4f68c0,6909f5c61b2155beb3f10b80,f363cce5-b706-41ec-9cb1-c14dff3bd2d1,0,0,0,0,1,0,0,0,0,0,,0,0
153,62b8b2be4c2b1d481f4f68c0,6909f5c61b2155beb3f10b80,77a74c12-3e3e-4adc-9f00-8e13e57fdc69,0,0,0,0,0,0,0,1,0,0,,0,0
154,650af1f596e19d8c93187d97,6909f6c08d9e923750c0b9f6,c319a29b-31a1-4ec9-9612-abcb0dbf3151,0,0,0,0,0,0,0,0,1,0,,0,0
155,675ab3f6c12c9e3fd27046b3,6909f5392f09a7f5ce4726a4,f4ed74bb-4b92-4ecb-a441-754f79607152,0,0,0,0,0,0,0,0,0,0,,1,0
156,650af1f596e19d8c93187d97,6909f6c08d9e923750c0b9f6,fb7a1d5c-d914-49b0-a0f2-02765579d6cd,1,0,0,0,0,1,0,1,0,0,,0,0
157,675ab3f6c12c9e3fd27046b3,6909f5392f09a7f5ce4726a4,a6cae246-0df0-4d55-8a9e-766d24c90ba4,0,0,1,0,0,1,0,0,0,0,,0,0
158,67151b09180ba43415c564e8,6909f5b84fc3dedb8a530467,9269c4ae-2c93-4638-9113-75094fb778dd,1,0,0,0,0,1,0,1,0,0,,0,0
159,62b8b2be4c2b1d481f4f68c0,6909f5c61b2155beb3f10b80,dc6f01ab-eefc-4f0e-b773-e4dba7e4e8fa,0,0,0,0,0,0,0,1,0,0,,0,0
160,675ab3f6c12c9e3fd27046b3,6909f5392f09a7f5ce4726a4,959d2431-b865-4258-9413-889fc2743005,1,0,1,0,0,1,0,0,0,0,,0,0
161,650af1f596e19d8c93187d97,6909f6c08d9e923750c0b9f6,968d8cf3-bcf4-49df-8317-ff597ba5b289,0,0,0,0,0,1,0,0,1,0,,0,0
162,67151b09180ba43415c564e8,6909f5b84fc3dedb8a530467,fa3fc350-cf86-4723-bf41-59d80846d961,1,0,0,0,0,0,0,0,0,0,,0,0
163,675ab3f6c12c9e3fd27046b3,6909f5392f09a7f5ce4726a4,e0800a75-cbbb-44af-b56d-987c0732eacc,0,0,1,0,0,0,0,0,0,0,,0,0
164,62b8b2be4c2b1d481f4f68c0,6909f5c61b2155beb3f10b80,336064ca-6225-4f4d-b494-d491f5374791,0,0,1,0,0,0,0,0,0,0,,0,0
165,650af1f596e19d8c93187d97,6909f6c08d9e923750c0b9f6,35b79e14-1d66-46ae-b633-3086a83984d4,0,0,0,0,0,0,0,0,1,0,,0,0
166,67151b09180ba43415c564e8,6909f5b84fc3dedb8a530467,6fe9fa48-104a-45f9-b86c-da1cbeee4da9,0,0,1,0,0,1,0,1,0,0,,0,0
167,675ab3f6c12c9e3fd27046b3,6909f5392f09a7f5ce4726a4,d3ff91b2-f704-4c28-b333-8cb1c325fc95,0,0,0,0,0,1,1,1,0,0,,0,0
168,67151b09180ba43415c564e8,6909f5b84fc3dedb8a530467,f6c0d93a-90b0-4f3c-8ffe-01d35a436b5d,0,0,0,0,0,0,0,0,1,0,,0,0
169,62b8b2be4c2b1d481f4f68c0,6909f5c61b2155beb3f10b80,dfd4f9cf-06d3-4716-9a61-8af2bdab28c7,1,0,0,0,0,0,0,0,0,0,,0,0
170,650af1f596e19d8c93187d97,6909f6c08d9e923750c0b9f6,9232b064-c542-421f-9bd9-ac73860f6617,0,0,0,0,0,1,0,0,0,0,,0,0
171,62b8b2be4c2b1d481f4f68c0,6909f5c61b2155beb3f10b80,41207e07-5960-4478-b192-5b45d7b266f1,1,0,0,0,0,0,0,0,0,0,,0,0
172,650af1f596e19d8c93187d97,6909f6c08d9e923750c0b9f6,d697e47f-e538-40e4-bf64-1e79ef99d959,0,0,0,0,0,1,0,0,1,0,,0,0
173,67151b09180ba43415c564e8,6909f5b84fc3dedb8a530467,0388f85a-c77f-4761-b20a-d57c3a60d50d,1,0,0,0,0,0,0,0,0,0,,0,0
174,650af1f596e19d8c93187d97,6909f6c08d9e923750c0b9f6,a91e41a7-c209-4b15-a474-0f847ae40f6b,0,0,0,0,1,1,0,0,0,0,,0,0
175,67151b09180ba43415c564e8,6909f5b84fc3dedb8a530467,109f2160-605e-42ee-afb8-4950e3c4e3cc,1,0,0,0,0,0,0,0,1,0,,0,0
176,650af1f596e19d8c93187d97,6909f6c08d9e923750c0b9f6,65da7159-da3b-494d-bbef-0d6e32119793,0,0,0,0,0,1,1,0,0,0,,0,0
177,67151b09180ba43415c564e8,6909f5b84fc3dedb8a530467,7f353420-63e8-4291-bb2d-b5f4d2a6ef87,0,0,1,0,0,0,0,0,0,0,,0,0
178,62b8b2be4c2b1d481f4f68c0,6909f5c61b2155beb3f10b80,3acb4863-cc03-43f0-870d-8dbaf0e321b3,0,0,1,0,0,0,0,0,0,0,,0,0
179,675ab3f6c12c9e3fd27046b3,6909f5392f09a7f5ce4726a4,4fe2dbef-c7f5-4ba7-b152-359cc144ea90,0,0,0,0,0,1,1,0,0,0,,0,0
180,650af1f596e19d8c93187d97,6909f6c08d9e923750c0b9f6,4d443506-71ab-4b5d-91bc-51976d74be0d,0,0,0,0,0,1,0,1,0,0,,0,0
181,67151b09180ba43415c564e8,6909f5b84fc3dedb8a530467,44377e4c-cd4b-4d39-8a98-c933b60eb619,0,0,1,0,0,1,0,0,0,0,,0,0
182,62b8b2be4c2b1d481f4f68c0,6909f5c61b2155beb3f10b80,c40fb145-d3be-4ca6-8c23-8b44a7fb894e,1,0,0,0,0,0,0,0,0,0,,0,0
183,675ab3f6c12c9e3fd27046b3,6909f5392f09a7f5ce4726a4,16a3e7be-5a2d-41e0-afab-becaea61b42a,1,0,0,0,0,0,0,0,1,0,,0,0
184,650af1f596e19d8c93187d97,6909f6c08d9e923750c0b9f6,4fe2dbef-c7f5-4ba7-b152-359cc144ea90,0,0,0,0,0,1,1,1,0,0,,0,0
185,67151b09180ba43415c564e8,6909f5b84fc3dedb8a530467,2a38bcb4-59f2-4dca-a26d-bf46e1ccaff3,0,0,1,0,0,1,0,1,0,0,,0,0
186,62b8b2be4c2b1d481f4f68c0,6909f5c61b2155beb3f10b80,8855948b-9217-44fb-b88e-d720fb1b85f1,1,0,0,0,0,0,0,0,0,0,,0,0
187,650af1f596e19d8c93187d97,6909f6c08d9e923750c0b9f6,90abe2ec-23a7-4c84-b900-7a478c0adcc5,0,0,0,0,0,0,0,0,1,0,,0,0
188,62b8b2be4c2b1d481f4f68c0,6909f5c61b2155beb3f10b80,72fc8f31-5a1a-4c61-ba56-381e24444f01,0,0,1,0,0,0,0,0,0,0,,0,0
189,67151b09180ba43415c564e8,6909f5b84fc3dedb8a530467,ba7141b4-8b46-4d10-ad4c-8b16acd0e446,0,0,0,0,0,0,0,0,1,0,,0,0
190,675ab3f6c12c9e3fd27046b3,6909f5392f09a7f5ce4726a4,641d88c1-6814-49a5-bc0e-60a150f2a3b1,1,0,0,0,1,0,1,0,0,0,,0,0
191,650af1f596e19d8c93187d97,6909f6c08d9e923750c0b9f6,9fea6488-10f5-4622-af74-996e4e8fd114,1,0,0,0,0,1,0,0,0,0,,0,0
192,67151b09180ba43415c564e8,6909f5b84fc3dedb8a530467,5c8a26fc-42b7-4527-8f89-b2943d9f991b,0,0,0,0,0,0,0,0,1,0,,0,0
193,675ab3f6c12c9e3fd27046b3,6909f5392f09a7f5ce4726a4,3aea37ac-bc63-426b-9e5f-74ee876f8d46,0,0,0,0,0,0,0,0,1,0,,0,0
194,675ab3f6c12c9e3fd27046b3,6909f5392f09a7f5ce4726a4,9bf60461-025a-4f13-b6a2-a9df31272327,0,0,1,0,0,0,0,0,0,0,,0,0
195,650af1f596e19d8c93187d97,6909f6c08d9e923750c0b9f6,3f9a4dc8-59c9-4b63-a63f-5ba17c728ea7,0,0,0,0,1,1,0,0,0,0,,0,0
196,67151b09180ba43415c564e8,6909f5b84fc3dedb8a530467,be3c27f8-e587-450c-be81-c7e6e2cec608,0,0,1,0,1,0,0,0,0,0,,0,0
197,675ab3f6c12c9e3fd27046b3,6909f5392f09a7f5ce4726a4,55bc8d4a-2f9a-4c2c-8220-b8144cb59c03,0,0,0,0,0,0,1,0,0,0,,0,0
198,650af1f596e19d8c93187d97,6909f6c08d9e923750c0b9f6,42389652-a3e5-4a7c-905a-c5a67f4886a0,0,0,0,0,0,1,1,1,0,0,,0,0
199,67151b09180ba43415c564e8,6909f5b84fc3dedb8a530467,ff60222e-3d62-4982-b93e-b707f4eb9a1c,0,0,0,0,0,0,0,0,0,0,,1,0
200,675ab3f6c12c9e3fd27046b3,6909f5392f09a7f5ce4726a4,b94e390e-59e5-4c98-ab31-ba6eb3e13fea,1,0,0,0,0,0,0,0,0,0,,0,0
201,62b8b2be4c2b1d481f4f68c0,6909f5c61b2155beb3f10b80,e7990217-14e6-421b-8848-6e49b72fa887,1,0,0,0,0,0,0,0,0,0,,0,0
202,675ab3f6c12c9e3fd27046b3,6909f5392f09a7f5ce4726a4,dacbec05-3453-4106-a5a4-0035368235de,0,0,0,0,0,1,1,0,0,0,,0,0
203,650af1f596e19d8c93187d97,6909f6c08d9e923750c0b9f6,4c6f1502-99f2-4c93-bbb8-4b1dbbbb0805,1,0,0,0,0,1,1,0,0,0,,0,0
204,67151b09180ba43415c564e8,6909f5b84fc3dedb8a530467,968d8cf3-bcf4-49df-8317-ff597ba5b289,0,0,0,0,0,0,0,0,1,0,,0,0
205,650af1f596e19d8c93187d97,6909f6c08d9e923750c0b9f6,0c63fb9d-9c54-4a06-a9cc-5bc086c8bb43,0,0,0,0,0,0,0,0,0,0,,1,0
206,675ab3f6c12c9e3fd27046b3,6909f5392f09a7f5ce4726a4,c40fb145-d3be-4ca6-8c23-8b44a7fb894e,0,0,0,0,0,0,0,0,1,0,,0,0
207,67151b09180ba43415c564e8,6909f5b84fc3dedb8a530467,27e9e3b2-2227-4be9-9e9f-1b8337a250a7,0,0,0,0,0,0,0,0,1,0,,0,0
208,62b8b2be4c2b1d481f4f68c0,6909f5c61b2155beb3f10b80,959d2431-b865-4258-9413-889fc2743005,0,0,0,0,0,1,0,0,0,0,,0,0
209,675ab3f6c12c9e3fd27046b3,6909f5392f09a7f5ce4726a4,27e9e3b2-2227-4be9-9e9f-1b8337a250a7,0,0,0,0,0,0,0,0,1,0,,0,0
210,650af1f596e19d8c93187d97,6909f6c08d9e923750c0b9f6,1b44001d-2862-4a2a-af05-b867a4deb6f9,0,0,0,0,1,0,0,0,0,0,,0,0
211,62b8b2be4c2b1d481f4f68c0,6909f5c61b2155beb3f10b80,d9569d0d-dc8b-487a-a633-67211c51506a,1,0,0,0,0,0,0,0,0,0,,0,0
212,675ab3f6c12c9e3fd27046b3,6909f5392f09a7f5ce4726a4,02541e52-7829-405b-9341-668c96480402,1,0,1,0,0,0,0,0,0,0,,0,0
213,650af1f596e19d8c93187d97,6909f6c08d9e923750c0b9f6,ebccd832-1e8e-432a-865a-08ac7410f01f,1,0,0,0,0,0,0,0,0,0,,0,0
214,67151b09180ba43415c564e8,6909f5b84fc3dedb8a530467,f00699bf-a4da-47d8-9819-f8eb7bf582ac,1,0,0,0,0,0,0,0,0,0,,0,0
215,650af1f596e19d8c93187d97,6909f6c08d9e923750c0b9f6,e67e027f-73a8-4e91-bf9e-40d2a9caa8aa,1,0,0,0,0,0,0,0,0,0,,0,0
216,62b8b2be4c2b1d481f4f68c0,6909f5c61b2155beb3f10b80,6b682936-874d-4fe9-920c-e159e09bcd0a,1,0,0,0,0,0,0,0,0,0,,0,0
217,675ab3f6c12c9e3fd27046b3,6909f5392f09a7f5ce4726a4,16de6450-e0c3-4fe1-a88e-6f9a3f83bea3,0,0,0,0,0,0,0,0,1,0,,0,0
218,650af1f596e19d8c93187d97,6909f6c08d9e923750c0b9f6,062c336b-644c-4b69-ae7b-fcc7bf4041e9,1,0,0,0,0,1,0,0,0,0,,0,0
219,675ab3f6c12c9e3fd27046b3,6909f5392f09a7f5ce4726a4,b732dc5d-2672-45f3-86dc-a00ae1c43787,0,0,0,0,0,0,0,0,1,0,,0,0
220,67151b09180ba43415c564e8,6909f5b84fc3dedb8a530467,a6cae246-0df0-4d55-8a9e-766d24c90ba4,0,0,0,0,0,1,0,0,0,0,,0,0
221,62b8b2be4c2b1d481f4f68c0,6909f5c61b2155beb3f10b80,50bd31a7-f153-407f-be59-808e670e53d8,1,0,0,0,0,0,0,0,0,0,,0,0
222,675ab3f6c12c9e3fd27046b3,6909f5392f09a7f5ce4726a4,9b6f4c28-9c91-4469-8378-c4cb4a06ce67,0,0,0,0,0,0,0,0,0,0,,1,0
223,650af1f596e19d8c93187d97,6909f6c08d9e923750c0b9f6,95ae8f2e-c9e3-4acf-859c-b146955605c1,0,0,0,0,0,0,0,0,0,0,,1,0
224,67151b09180ba43415c564e8,6909f5b84fc3dedb8a530467,ddc2f955-9396-4558-9215-4c00bfcc10e1,0,0,0,0,0,0,0,0,1,0,,0,0
225,62b8b2be4c2b1d481f4f68c0,6909f5c61b2155beb3f10b80,7a3ad8c8-ed2e-4272-90ca-278ac142a60a,1,0,0,0,0,0,0,0,1,0,,0,0
226,675ab3f6c12c9e3fd27046b3,6909f5392f09a7f5ce4726a4,5c8a26fc-42b7-4527-8f89-b2943d9f991b,0,0,0,0,0,0,0,0,1,0,,0,0
227,650af1f596e19d8c93187d97,6909f6c08d9e923750c0b9f6,42195a80-55d5-407a-9517-e7ed6f83c76e,0,0,0,0,0,1,0,0,0,0,,0,0
228,675ab3f6c12c9e3fd27046b3,6909f5392f09a7f5ce4726a4,9abbf663-f26a-46f0-b68b-26304a67add8,0,0,0,0,0,0,0,0,1,0,,0,0
229,62b8b2be4c2b1d481f4f68c0,6909f5c61b2155beb3f10b80,783a87ea-44bf-453b-94cd-83050f26bba3,1,0,0,0,0,0,0,0,0,0,,0,0
230,67151b09180ba43415c564e8,6909f5b84fc3dedb8a530467,641d88c1-6814-49a5-bc0e-60a150f2a3b1,0,0,1,0,1,0,0,0,0,0,,0,0
231,675ab3f6c12c9e3fd27046b3,6909f5392f09a7f5ce4726a4,fa3fc350-cf86-4723-bf41-59d80846d961,0,0,0,0,0,1,1,0,0,0,,0,0
232,650af1f596e19d8c93187d97,6909f6c08d9e923750c0b9f6,fd0741e3-8673-4169-a886-d6db49d74d8f,0,0,0,0,0,0,0,0,1,0,,0,0
233,67151b09180ba43415c564e8,6909f5b84fc3dedb8a530467,03cba502-a89e-4841-ac44-a5ca5fdeec8e,1,0,0,0,0,0,0,0,0,0,,0,0
234,675ab3f6c12c9e3fd27046b3,6909f5392f09a7f5ce4726a4,75644b3d-78b0-42bd-b5a8-4f6628ba9ee7,0,0,0,0,0,1,1,1,0,0,,0,0
235,62b8b2be4c2b1d481f4f68c0,6909f5c61b2155beb3f10b80,b21c68d3-e72c-422c-b7d1-962cceb6f896,0,0,0,0,0,0,0,0,0,0,,1,0
236,67151b09180ba43415c564e8,6909f5b84fc3dedb8a530467,ad257275-8598-46a9-8c53-ac2df6d1c3fe,0,0,1,0,0,0,0,0,0,0,,0,0
237,5f01ce19f3984631df5348e4,6909f9d7902ba68d38c7e326,8c35b951-26ea-4c2c-9c89-4354368e9e93,1,1,0,0,0,0,0,0,0,0,,0,0
238,650af1f596e19d8c93187d97,6909f6c08d9e923750c0b9f6,c5182d13-e2c2-4a2c-a847-1113baf93cd8,1,0,0,0,1,0,0,0,0,0,,0,0
239,675ab3f6c12c9e3fd27046b3,6909f5392f09a7f5ce4726a4,3acb4863-cc03-43f0-870d-8dbaf0e321b3,0,0,1,0,0,1,1,0,0,0,,0,0
240,67151b09180ba43415c564e8,6909f5b84fc3dedb8a530467,27166f6c-6288-402d-997d-e2853b216e4a,1,0,0,0,0,0,0,0,0,0,,0,0
241,62b8b2be4c2b1d481f4f68c0,6909f5c61b2155beb3f10b80,ff071f70-2352-47a1-80b0-e62b9a355ddb,1,0,0,0,0,0,0,0,0,0,,0,0
242,650af1f596e19d8c93187d97,6909f6c08d9e923750c0b9f6,c99fbfd4-a8b4-4652-8665-37644f18c39f,1,0,0,0,0,0,0,0,0,0,,0,0
243,675ab3f6c12c9e3fd27046b3,6909f5392f09a7f5ce4726a4,caf602b0-2302-4afc-9725-b21d99851405,0,0,0,0,0,0,0,0,1,0,,0,0
244,62b8b2be4c2b1d481f4f68c0,6909f5c61b2155beb3f10b80,957e911e-df98-40b2-b7f8-ce226f28e8e2,1,0,0,0,0,0,0,0,0,0,,0,0
245,67151b09180ba43415c564e8,6909f5b84fc3dedb8a530467,31d8abad-eccf-49a9-b1ca-d31b842d9726,0,0,1,0,1,0,0,0,0,0,,0,0
246,5f01ce19f3984631df5348e4,6909f9d7902ba68d38c7e326,fa3fc350-cf86-4723-bf41-59d80846d961,1,0,0,0,0,0,0,0,0,0,,0,0
247,675ab3f6c12c9e3fd27046b3,6909f5392f09a7f5ce4726a4,806c6da8-17eb-4dd3-b3d8-83df9e733c43,0,0,1,0,0,0,0,0,0,0,,0,0
248,650af1f596e19d8c93187d97,6909f6c08d9e923750c0b9f6,82affecf-5ffe-49dd-a295-8868942edd7d,1,0,0,0,1,1,0,0,0,0,,0,0
249,675ab3f6c12c9e3fd27046b3,6909f5392f09a7f5ce4726a4,dced8c78-20fd-4bbe-976f-068cfe54fe58,0,0,0,0,0,1,1,1,0,0,,0,0
250,67151b09180ba43415c564e8,6909f5b84fc3dedb8a530467,9937e61a-0f51-4b9e-990a-cdf66f988106,1,0,1,0,0,0,0,0,0,0,,0,0
251,62b8b2be4c2b1d481f4f68c0,6909f5c61b2155beb3f10b80,3c7a1376-1e2b-419d-93bf-6d92c0ff09fc,0,0,0,0,0,0,0,0,0,0,,1,0
252,650af1f596e19d8c93187d97,6909f6c08d9e923750c0b9f6,806c6da8-17eb-4dd3-b3d8-83df9e733c43,0,0,0,0,0,0,0,0,0,0,,1,0
253,5f01ce19f3984631df5348e4,6909f9d7902ba68d38c7e326,968d8cf3-bcf4-49df-8317-ff597ba5b289,1,0,0,0,0,0,0,0,0,0,,0,0
254,675ab3f6c12c9e3fd27046b3,6909f5392f09a7f5ce4726a4,fe4cf28e-8784-4df7-a99f-93f211725984,0,0,0,0,0,1,0,0,0,0,,0,0
255,67151b09180ba43415c564e8,6909f5b84fc3dedb8a530467,739b3112-17c0-4228-9310-af8313c71584,0,0,0,0,0,0,0,1,0,0,,0,0
256,650af1f596e19d8c93187d97,6909f6c08d9e923750c0b9f6,9f308ca8-d387-4de8-a3a7-8e06adccc5d0,0,0,0,0,0,1,0,0,1,0,,0,0
257,675ab3f6c12c9e3fd27046b3,6909f5392f09a7f5ce4726a4,31938868-5769-4242-8da8-a382493ab206,1,0,0,0,0,1,1,0,0,0,,0,0
258,5f01ce19f3984631df5348e4,6909f9d7902ba68d38c7e326,e1861131-b3be-4aef-9ac5-fa9a4033b349,0,0,1,0,0,0,0,1,0,0,,0,0
259,650af1f596e19d8c93187d97,6909f6c08d9e923750c0b9f6,ad257275-8598-46a9-8c53-ac2df6d1c3fe,0,0,0,0,0,1,0,1,0,0,,0,0
260,62b8b2be4c2b1d481f4f68c0,6909f5c61b2155beb3f10b80,70c95c0e-9b28-4d0c-be46-52f5ceb4e5d3,0,0,0,0,0,0,0,0,0,0,,1,0
261,67151b09180ba43415c564e8,6909f5b84fc3dedb8a530467,9dd6521f-df1f-437f-89b5-b6b0ea6a132a,1,0,0,0,0,1,0,0,0,0,,0,0
262,675ab3f6c12c9e3fd27046b3,6909f5392f09a7f5ce4726a4,2650e4d5-1418-4eb9-936f-c514bbab3385,0,0,1,0,0,1,0,1,0,0,,0,0
263,650af1f596e19d8c93187d97,6909f6c08d9e923750c0b9f6,98fb4f05-1a1b-4524-b438-1982cae2fc31,0,0,0,0,0,1,0,0,0,0,,0,0
264,675ab3f6c12c9e3fd27046b3,6909f5392f09a7f5ce4726a4,e98c45af-b865-4173-b07d-59ee9231e9e4,0,0,0,0,0,0,0,0,0,0,,1,0
265,67151b09180ba43415c564e8,6909f5b84fc3dedb8a530467,9232b064-c542-421f-9bd9-ac73860f6617,0,0,0,0,0,0,0,0,1,0,,0,0
266,5f01ce19f3984631df5348e4,6909f9d7902ba68d38c7e326,07b9268a-5012-4097-97a4-2ade0dab6c88,0,0,0,0,0,0,0,1,0,0,,0,1
267,67151b09180ba43415c564e8,6909f5b84fc3dedb8a530467,77a74c12-3e3e-4adc-9f00-8e13e57fdc69,0,0,0,0,0,0,1,1,0,0,,0,0
268,675ab3f6c12c9e3fd27046b3,6909f5392f09a7f5ce4726a4,21710864-d231-4a3c-8257-a6a255fa4276,0,0,0,0,0,1,1,1,0,0,,0,0
269,62b8b2be4c2b1d481f4f68c0,6909f5c61b2155beb3f10b80,5b109327-6b1a-4489-9d8f-e2a16bd58ec5,0,0,1,0,0,0,0,0,0,0,,0,0
270,62b8b2be4c2b1d481f4f68c0,6909f5c61b2155beb3f10b80,06aaac47-6dbb-431f-a397-d3d458a6ecaa,0,0,0,0,0,0,0,0,1,0,,0,0
271,675ab3f6c12c9e3fd27046b3,6909f5392f09a7f5ce4726a4,6e21172f-d60f-4d66-8215-d85f20fbbec3,1,0,0,0,0,1,0,0,0,0,,0,0
272,67151b09180ba43415c564e8,6909f5b84fc3dedb8a530467,b18b9dbd-a343-41bd-9655-c833fd912221,0,0,0,0,0,1,0,1,0,0,,0,0
273,675ab3f6c12c9e3fd27046b3,6909f5392f09a7f5ce4726a4,0dc6c761-a511-4cf4-bfa7-79ea52b6130b,1,0,0,0,0,0,0,0,0,0,,0,0
274,62b8b2be4c2b1d481f4f68c0,6909f5c61b2155beb3f10b80,8c5148e0-d380-4ee8-bcab-d4cc3c649e28,1,0,0,0,0,0,0,0,0,0,,0,0
275,5f01ce19f3984631df5348e4,6909f9d7902ba68d38c7e326,c5b78593-6188-45d3-9d03-e065cc469bfe,0,0,0,0,0,0,0,1,1,0,,0,0
276,5f01ce19f3984631df5348e4,6909f9d7902ba68d38c7e326,44377e4c-cd4b-4d39-8a98-c933b60eb619,0,0,0,0,1,0,0,0,0,0,,0,0
277,5f01ce19f3984631df5348e4,6909f9d7902ba68d38c7e326,576cc684-e1f7-450d-9a71-025b7ddc9069,0,0,0,0,1,0,0,0,0,0,,0,0
278,5f01ce19f3984631df5348e4,6909f9d7902ba68d38c7e326,6d902ef7-01a9-4c64-bbd5-1f031103edb0,0,0,0,0,0,0,0,1,0,0,,0,0
279,5f01ce19f3984631df5348e4,6909f9d7902ba68d38c7e326,d249ffeb-4782-4abd-84a4-c3d9897dd2bd,0,0,0,0,0,0,0,1,0,0,,0,0
280,5f01ce19f3984631df5348e4,6909f9d7902ba68d38c7e326,f506f5eb-49f7-4f01-8763-9ef54d1f1cee,0,0,0,0,1,1,0,0,0,0,,0,0
281,5f01ce19f3984631df5348e4,6909f9d7902ba68d38c7e326,c3ab2b89-824c-4c74-92f8-f90268296a2a,0,0,0,0,1,1,0,0,0,0,,0,0
282,5f01ce19f3984631df5348e4,6909f9d7902ba68d38c7e326,31d8abad-eccf-49a9-b1ca-d31b842d9726,0,0,0,1,0,0,0,0,0,0,,0,1
283,586400dfec49b5000158fbea,6909fbccc87c1534f971abf3,5554515a-9489-48d2-b603-500b5735618d,0,0,0,0,1,0,0,0,0,0,,0,0
284,586400dfec49b5000158fbea,6909fbccc87c1534f971abf3,3985139e-3e49-442d-aa34-2c2f136e050f,0,0,0,0,1,0,0,0,0,0,,0,0
285,662f76e4289b048f450f6fff,0g1bpejmrbvm,3f9a4dc8-59c9-4b63-a63f-5ba17c728ea7,0,0,0,0,1,0,0,0,0,0,,0,0
286,586400dfec49b5000158fbea,6909fbccc87c1534f971abf3,c7f5deb2-d7f8-43f3-a460-0b8a1107039b,0,0,0,0,0,1,1,0,0,0,,0,0
287,662f76e4289b048f450f6fff,0g1bpejmrbvm,f77d5253-3770-4cfe-af13-3f5f6d287e28,1,0,0,0,0,0,0,0,0,0,,0,0
288,662f76e4289b048f450f6fff,0g1bpejmrbvm,6b148d72-7406-4ab7-bf03-a4f6a5bcb107,0,0,0,0,0,1,0,0,0,0,,0,0
289,662f76e4289b048f450f6fff,0g1bpejmrbvm,9fea6488-10f5-4622-af74-996e4e8fd114,0,0,0,0,0,0,0,1,0,0,,0,0
290,662f76e4289b048f450f6fff,0g1bpejmrbvm,16389d80-4828-4199-91f7-b37398b5f658,0,0,0,0,1,0,0,0,0,0,,0,0
291,662f76e4289b048f450f6fff,0g1bpejmrbvm,75644b3d-78b0-42bd-b5a8-4f6628ba9ee7,0,0,0,0,0,1,0,0,0,0,,0,0
292,662f76e4289b048f450f6fff,0g1bpejmrbvm,d78bb9e3-60ee-4774-88a5-7045334e9fcd,0,0,1,0,0,0,0,0,0,0,,0,0
293,586400dfec49b5000158fbea,6909fbccc87c1534f971abf3,a7da4f56-5ef5-413d-9d54-e84cdab395fc,0,0,0,0,0,0,0,0,0,0,,1,0
294,662f76e4289b048f450f6fff,0g1bpejmrbvm,4fe2dbef-c7f5-4ba7-b152-359cc144ea90,0,0,0,1,0,0,0,0,0,0,,0,0
295,662f76e4289b048f450f6fff,0g1bpejmrbvm,e2c4c2a4-a524-478d-bd70-7ca03c2eaa04,0,0,0,0,0,0,0,0,0,0,,0,1
296,662f76e4289b048f450f6fff,0g1bpejmrbvm,cf7e7c1b-ba27-4c28-8988-6c5ba84c7d65,1,0,0,0,0,0,0,0,0,0,,0,0
297,662f76e4289b048f450f6fff,0g1bpejmrbvm,0c1eed8f-60fb-4d9b-bb57-47f7c5a4fad1,0,0,0,0,0,1,0,0,0,0,,0,0
298,677c455afc1062faab5b165e,6909fd18e5a4e153399d8789,8d8cd176-3836-4975-a2ff-4bfb4c97772b,0,0,0,0,0,0,0,0,1,0,,0,0
299,677c455afc1062faab5b165e,6909fd18e5a4e153399d8789,641d88c1-6814-49a5-bc0e-60a150f2a3b1,0,0,0,0,1,0,0,0,0,0,,0,0
300,677c455afc1062faab5b165e,6909fd18e5a4e153399d8789,6a38930c-7864-4324-8109-44f37e408fd4,0,0,0,1,0,0,0,0,0,0,,0,0
301,6153ab159ff8abebb4a12c61,6909fc837703597b812db9f4,379c90c9-f019-4a9a-a63c-d07b8b8a1cc4,0,0,0,0,0,0,0,1,0,0,,0,0
302,677c455afc1062faab5b165e,6909fd18e5a4e153399d8789,eaa53c4c-cf2f-4433-8a63-48293da1b345,0,0,0,0,0,0,0,0,0,0,,1,0
303,6153ab159ff8abebb4a12c61,6909fc837703597b812db9f4,ae0493ca-ec1a-4f78-8557-41a231645f1a,0,0,0,0,0,1,1,0,0,0,,0,0
304,60cf0d251a90eb823bc9b740,6909fda3bf172ac299953c7e,23ec3bcf-16b9-4fab-bc73-389031fa308a,1,0,0,1,0,0,0,0,0,0,,0,0
305,6153ab159ff8abebb4a12c61,6909fc837703597b812db9f4,7a3ad8c8-ed2e-4272-90ca-278ac142a60a,1,0,0,0,1,0,0,0,0,0,,0,0
306,677c455afc1062faab5b165e,6909fd18e5a4e153399d8789,9f308ca8-d387-4de8-a3a7-8e06adccc5d0,0,0,1,1,0,0,0,0,0,0,,0,0
307,6153ab159ff8abebb4a12c61,6909fc837703597b812db9f4,570f45ef-8f9f-484f-9e9c-ef39ce5185dd,0,0,0,0,0,1,0,0,0,0,,0,0
308,60cf0d251a90eb823bc9b740,6909fda3bf172ac299953c7e,e4ff9618-bfc0-4fa6-9197-a53400c28aac,1,0,0,0,0,0,0,0,0,0,,0,0
309,60cf0d251a90eb823bc9b740,6909fda3bf172ac299953c7e,77a74c12-3e3e-4adc-9f00-8e13e57fdc69,0,0,0,0,0,0,0,1,0,0,,0,0
310,60cf0d251a90eb823bc9b740,6909fda3bf172ac299953c7e,822cd84e-7f47-4110-bf4b-c29e6c86f3b6,0,0,1,0,0,0,0,0,0,0,,0,0
311,6153ab159ff8abebb4a12c61,6909fc837703597b812db9f4,e1861131-b3be-4aef-9ac5-fa9a4033b349,0,1,0,0,0,0,0,0,0,0,,0,0
312,677c455afc1062faab5b165e,6909fd18e5a4e153399d8789,b21c68d3-e72c-422c-b7d1-962cceb6f896,0,0,0,0,0,1,0,0,0,0,,0,0
313,60cf0d251a90eb823bc9b740,6909fda3bf172ac299953c7e,e5b12311-10a0-45c1-8cd5-5087a14c0184,1,0,0,0,0,0,0,0,0,0,,0,0
314,6153ab159ff8abebb4a12c61,6909fc837703597b812db9f4,7d86cc99-5199-43a0-bce7-7f576b5273e9,1,0,0,0,0,0,0,0,0,0,,0,0
315,60cf0d251a90eb823bc9b740,6909fda3bf172ac299953c7e,968e5909-2396-412f-ab31-2dbb3b92a338,1,0,0,0,0,0,0,0,0,0,,0,0
316,65537e14439274fe5036b4d2,6909fdd8d7e732f135b376b6,e2c4c2a4-a524-478d-bd70-7ca03c2eaa04,0,1,0,0,0,0,0,0,0,0,,0,0
317,5f01ce19f3984631df5348e4,6909f9d7902ba68d38c7e326,8c35b951-26ea-4c2c-9c89-4354368e9e93,1,1,0,0,0,0,0,0,0,0,,0,0
318,677c455afc1062faab5b165e,6909fd18e5a4e153399d8789,062c336b-644c-4b69-ae7b-fcc7bf4041e9,1,0,0,0,0,1,0,0,0,0,,0,0
319,5f01ce19f3984631df5348e4,6909f9d7902ba68d38c7e326,fa3fc350-cf86-4723-bf41-59d80846d961,1,0,0,0,0,0,0,0,1,0,,0,0
320,6153ab159ff8abebb4a12c61,6909fc837703597b812db9f4,06aaac47-6dbb-431f-a397-d3d458a6ecaa,0,0,0,0,0,0,0,0,1,0,,0,0
321,60cf0d251a90eb823bc9b740,6909fda3bf172ac299953c7e,ebb79819-ae51-4f9b-b14d-5ae3411ccfc0,0,0,0,0,0,1,0,0,0,0,,0,0
322,60cf0d251a90eb823bc9b740,6909fda3bf172ac299953c7e,b1f9448c-bafa-4180-9a99-2afb84ec2ebe,0,0,1,0,0,0,0,0,0,0,,0,0
323,5f01ce19f3984631df5348e4,6909f9d7902ba68d38c7e326,968d8cf3-bcf4-49df-8317-ff597ba5b289,0,0,0,0,0,0,0,0,1,0,,0,0
324,6153ab159ff8abebb4a12c61,6909fc837703597b812db9f4,21710864-d231-4a3c-8257-a6a255fa4276,0,0,0,0,0,1,0,1,0,0,,0,0
325,5f01ce19f3984631df5348e4,6909f9d7902ba68d38c7e326,e1861131-b3be-4aef-9ac5-fa9a4033b349,0,0,0,0,0,0,0,0,1,0,,0,0
326,65537e14439274fe5036b4d2,6909fdd8d7e732f135b376b6,8c35b951-26ea-4c2c-9c89-4354368e9e93,1,1,0,0,0,0,0,0,0,0,,0,0
327,677c455afc1062faab5b165e,6909fd18e5a4e153399d8789,df3f549b-83dc-49bb-afe6-b0ddffda5be9,1,0,0,0,0,0,0,0,0,0,,0,0
328,5f01ce19f3984631df5348e4,6909f9d7902ba68d38c7e326,07b9268a-5012-4097-97a4-2ade0dab6c88,0,0,0,0,0,0,0,1,0,0,,0,1
329,60cf0d251a90eb823bc9b740,6909fda3bf172ac299953c7e,99906810-85c3-4f81-8590-c1145f7a93bd,0,0,0,0,1,0,0,0,0,0,,0,0
330,5f01ce19f3984631df5348e4,6909f9d7902ba68d38c7e326,c5b78593-6188-45d3-9d03-e065cc469bfe,0,0,0,0,0,0,0,0,1,0,,0,0
331,65537e14439274fe5036b4d2,6909fdd8d7e732f135b376b6,3cb44f5b-fcb1-4367-bbad-8a1900148f7a,0,0,0,0,0,0,0,0,1,0,,0,0
332,60cf0d251a90eb823bc9b740,6909fda3bf172ac299953c7e,ae0493ca-ec1a-4f78-8557-41a231645f1a,0,0,0,0,0,0,0,0,1,0,,0,0
333,5f01ce19f3984631df5348e4,6909f9d7902ba68d38c7e326,44377e4c-cd4b-4d39-8a98-c933b60eb619,0,0,0,0,1,1,0,0,0,0,,0,0
334,6153ab159ff8abebb4a12c61,6909fc837703597b812db9f4,6760ff67-8d4d-4df3-b4be-7efde21d57f7,0,0,0,1,0,0,0,0,0,0,,0,0
335,60cf0d251a90eb823bc9b740,6909fda3bf172ac299953c7e,c40fb145-d3be-4ca6-8c23-8b44a7fb894e,1,0,0,0,0,0,0,0,0,0,,0,0
336,65537e14439274fe5036b4d2,6909fdd8d7e732f135b376b6,b7ae16d3-b04e-4a6c-ac63-0cc3e3f97d02,0,0,0,0,0,0,0,1,0,0,,0,0
337,5f01ce19f3984631df5348e4,6909f9d7902ba68d38c7e326,576cc684-e1f7-450d-9a71-025b7ddc9069,0,0,0,1,0,0,0,0,0,0,,0,0
338,677c455afc1062faab5b165e,6909fd18e5a4e153399d8789,fdcf27e9-0f92-4f2e-a07a-a3eaec2353fb,0,0,0,0,0,1,0,1,0,0,,0,0
339,60cf0d251a90eb823bc9b740,6909fda3bf172ac299953c7e,0b1fb664-471d-493a-b6fc-4efe00988d0d,0,0,0,0,0,0,0,0,1,0,,0,0
340,5f01ce19f3984631df5348e4,6909f9d7902ba68d38c7e326,6d902ef7-01a9-4c64-bbd5-1f031103edb0,1,0,0,0,1,1,0,0,0,0,,0,0
341,65537e14439274fe5036b4d2,6909fdd8d7e732f135b376b6,11d07e4f-cf5b-47e7-9183-be9e852f30f9,0,1,0,0,0,0,0,0,1,0,,0,0
342,5f01ce19f3984631df5348e4,6909f9d7902ba68d38c7e326,d249ffeb-4782-4abd-84a4-c3d9897dd2bd,0,0,0,0,0,0,0,1,0,0,,0,0
343,677c455afc1062faab5b165e,6909fd18e5a4e153399d8789,f363cce5-b706-41ec-9cb1-c14dff3bd2d1,0,0,0,0,0,0,0,0,1,0,,0,0
344,60cf0d251a90eb823bc9b740,6909fda3bf172ac299953c7e,b21c68d3-e72c-422c-b7d1-962cceb6f896,0,0,0,0,0,1,0,1,0,0,,0,0
345,6153ab159ff8abebb4a12c61,6909fc837703597b812db9f4,157c2385-8d51-4f75-982c-36c707cc037a,0,0,0,0,0,0,0,0,1,0,,0,0
346,60cf0d251a90eb823bc9b740,6909fda3bf172ac299953c7e,3e0c7cda-8749-4b88-b7c4-1d17e6869c9c,0,0,0,0,0,0,0,0,1,0,,0,0
347,5f01ce19f3984631df5348e4,6909f9d7902ba68d38c7e326,f506f5eb-49f7-4f01-8763-9ef54d1f1cee,0,0,0,0,0,1,0,0,0,0,,0,0
348,60cf0d251a90eb823bc9b740,6909fda3bf172ac299953c7e,96794ad5-f662-4265-8dd5-682785a8ed5e,0,0,0,0,0,0,0,0,1,0,,0,0
349,65537e14439274fe5036b4d2,6909fdd8d7e732f135b376b6,d840a74a-05e7-4455-bc66-9d9ea955ce23,1,0,1,0,0,0,0,0,0,0,,0,0
350,677c455afc1062faab5b165e,6909fd18e5a4e153399d8789,61d9ce88-49af-405d-9fc9-74f230a7ea6a,0,0,0,0,0,1,0,0,1,0,,0,0
351,60cf0d251a90eb823bc9b740,6909fda3bf172ac299953c7e,739b3112-17c0-4228-9310-af8313c71584,0,0,0,0,0,0,0,1,0,0,,0,0
352,5f01ce19f3984631df5348e4,6909f9d7902ba68d38c7e326,c3ab2b89-824c-4c74-92f8-f90268296a2a,0,0,0,0,1,1,0,1,0,0,,0,0
353,6153ab159ff8abebb4a12c61,6909fc837703597b812db9f4,09831b27-d146-4461-8e2f-19aa562b81fb,0,0,0,0,0,1,0,0,0,0,,0,0
354,65537e14439274fe5036b4d2,6909fdd8d7e732f135b376b6,ff60222e-3d62-4982-b93e-b707f4eb9a1c,0,0,0,0,0,0,0,1,0,0,,0,0
355,60cf0d251a90eb823bc9b740,6909fda3bf172ac299953c7e,70c95c0e-9b28-4d0c-be46-52f5ceb4e5d3,1,0,0,0,0,0,0,0,0,0,,0,0
356,6153ab159ff8abebb4a12c61,6909fc837703597b812db9f4,ef54feeb-4fd4-4dfb-b3df-d539232b001f,0,0,0,0,1,0,0,0,0,0,,0,0
357,5f01ce19f3984631df5348e4,6909f9d7902ba68d38c7e326,31d8abad-eccf-49a9-b1ca-d31b842d9726,0,0,0,0,0,1,0,0,0,0,,0,1
358,65537e14439274fe5036b4d2,6909fdd8d7e732f135b376b6,f052e783-6f44-4020-8fe3-8f082aab5e6e,0,1,1,0,0,0,0,0,0,0,,0,1
359,677c455afc1062faab5b165e,6909fd18e5a4e153399d8789,27e9e3b2-2227-4be9-9e9f-1b8337a250a7,1,0,0,0,0,0,0,0,0,0,,0,0
360,60cf0d251a90eb823bc9b740,6909fda3bf172ac299953c7e,74db770f-dbf2-48f7-a436-59c949f2e34a,0,0,1,0,0,0,0,0,0,0,,0,0
361,6153ab159ff8abebb4a12c61,6909fc837703597b812db9f4,11d07e4f-cf5b-47e7-9183-be9e852f30f9,0,0,0,0,0,0,0,0,1,0,,0,0
362,65537e14439274fe5036b4d2,6909fdd8d7e732f135b376b6,9f47edeb-b5cc-4d50-9e44-848f4e7858ad,1,1,0,0,0,0,0,0,0,0,,0,0
363,677c455afc1062faab5b165e,6909fd18e5a4e153399d8789,aeae8179-268c-472e-9ef2-7845d55f4c7c,1,0,0,0,1,0,0,0,0,0,,0,0
364,65537e14439274fe5036b4d2,6909fdd8d7e732f135b376b6,5987a00f-2393-467a-b4aa-317731da9ed2,1,1,0,0,0,0,0,0,1,0,,0,0
365,6153ab159ff8abebb4a12c61,6909fc837703597b812db9f4,bdd2a97e-a3ea-4026-9b0a-6b52cc41d368,0,0,0,0,0,1,0,0,0,0,,0,0
366,60cf0d251a90eb823bc9b740,6909fda3bf172ac299953c7e,70751bde-8a1a-4fee-a564-7ccb861870ec,1,0,0,0,0,0,0,0,0,0,,0,0
367,60cf0d251a90eb823bc9b740,6909fda3bf172ac299953c7e,95ea17de-c44b-42f6-94db-980f62879e86,0,0,0,0,0,0,0,0,1,0,,0,0
368,677c455afc1062faab5b165e,6909fd18e5a4e153399d8789,109f2160-605e-42ee-afb8-4950e3c4e3cc,1,0,0,0,0,0,0,0,1,0,,0,0
369,65537e14439274fe5036b4d2,6909fdd8d7e732f135b376b6,968d8cf3-bcf4-49df-8317-ff597ba5b289,1,0,0,0,0,0,0,0,1,0,,0,1
370,677c455afc1062faab5b165e,6909fd18e5a4e153399d8789,0dc6c761-a511-4cf4-bfa7-79ea52b6130b,1,0,0,0,0,0,0,0,0,0,,0,0
371,6153ab159ff8abebb4a12c61,6909fc837703597b812db9f4,2fed3c62-427b-4b0b-ab6f-634b85503d8c,0,0,0,0,1,0,0,0,0,0,,0,0
372,60cf0d251a90eb823bc9b740,6909fda3bf172ac299953c7e,caf602b0-2302-4afc-9725-b21d99851405,0,0,0,0,0,0,0,0,1,0,,0,0
373,65537e14439274fe5036b4d2,6909fdd8d7e732f135b376b6,8badf6a2-602e-4358-bc00-860b47279c9f,0,0,1,0,0,0,1,0,0,0,,0,0
374,6153ab159ff8abebb4a12c61,6909fc837703597b812db9f4,0404ef1d-d00c-439e-a4d6-7a1fe006527e,0,0,0,0,1,0,0,0,0,0,,0,0
375,60cf0d251a90eb823bc9b740,6909fda3bf172ac299953c7e,2a91338f-1f82-46b9-907b-1051e1892132,0,0,0,0,0,0,1,0,0,0,,0,0
376,60cf0d251a90eb823bc9b740,6909fda3bf172ac299953c7e,379c90c9-f019-4a9a-a63c-d07b8b8a1cc4,0,0,0,0,0,0,0,0,1,0,,0,0
377,677c455afc1062faab5b165e,6909fd18e5a4e153399d8789,07b9268a-5012-4097-97a4-2ade0dab6c88,0,0,0,0,1,1,0,0,0,0,,0,0
378,6153ab159ff8abebb4a12c61,6909fc837703597b812db9f4,7461f20a-6917-4897-bd2d-2c6adf5361bb,1,0,0,0,0,0,0,0,0,0,,0,0
379,677c455afc1062faab5b165e,6909fd18e5a4e153399d8789,7461f20a-6917-4897-bd2d-2c6adf5361bb,1,0,0,0,0,0,0,0,0,0,,0,0
380,65537e14439274fe5036b4d2,6909fdd8d7e732f135b376b6,c5182d13-e2c2-4a2c-a847-1113baf93cd8,1,0,0,0,0,0,0,0,0,0,,0,0
381,65537e14439274fe5036b4d2,6909fdd8d7e732f135b376b6,77a0e18d-d018-4afd-8807-b0d36d6780bc,0,0,0,0,0,0,0,1,0,0,,0,0
382,5f01ce19f3984631df5348e4,6909f9d7902ba68d38c7e326,4d443506-71ab-4b5d-91bc-51976d74be0d,0,0,0,0,1,1,0,0,0,0,,0,0
383,677c455afc1062faab5b165e,6909fd18e5a4e153399d8789,22b48f5f-2336-4098-8571-7f91f2d15b3f,1,0,0,0,0,0,0,0,0,0,,0,0
384,6153ab159ff8abebb4a12c61,6909fc837703597b812db9f4,41207e07-5960-4478-b192-5b45d7b266f1,0,0,0,0,0,1,1,0,0,0,,0,0
385,65537e14439274fe5036b4d2,6909fdd8d7e732f135b376b6,4e99ac23-77eb-4386-a281-ec8c68e8b1db,0,0,0,0,1,0,0,0,0,0,,0,0
386,5f01ce19f3984631df5348e4,6909f9d7902ba68d38c7e326,2a91338f-1f82-46b9-907b-1051e1892132,0,0,0,0,1,1,0,0,0,0,,0,0
387,6153ab159ff8abebb4a12c61,6909fc837703597b812db9f4,d249ffeb-4782-4abd-84a4-c3d9897dd2bd,0,0,0,0,0,0,0,1,0,0,,0,0
388,65537e14439274fe5036b4d2,6909fdd8d7e732f135b376b6,21710864-d231-4a3c-8257-a6a255fa4276,0,0,0,0,1,0,0,1,0,0,,0,0
389,5f01ce19f3984631df5348e4,6909f9d7902ba68d38c7e326,2d0ab5a6-733c-4280-b774-c9a3cff29857,0,0,0,1,1,1,0,0,0,0,,0,0
390,65537e14439274fe5036b4d2,6909fdd8d7e732f135b376b6,9232b064-c542-421f-9bd9-ac73860f6617,0,0,0,0,1,0,0,1,0,0,,0,0
391,677c455afc1062faab5b165e,6909fd18e5a4e153399d8789,d697e47f-e538-40e4-bf64-1e79ef99d959,0,0,0,0,0,0,0,0,1,0,,0,0
392,6153ab159ff8abebb4a12c61,6909fc837703597b812db9f4,da62ca85-d9d8-4248-9e06-89b414cf112a,0,0,0,0,0,0,0,0,1,0,,0,0
393,60cf0d251a90eb823bc9b740,6909fda3bf172ac299953c7e,8badf6a2-602e-4358-bc00-860b47279c9f,0,0,0,0,0,1,0,0,0,0,,0,0
394,65537e14439274fe5036b4d2,6909fdd8d7e732f135b376b6,968e5909-2396-412f-ab31-2dbb3b92a338,1,0,0,0,1,0,0,0,0,0,,0,0
395,6153ab159ff8abebb4a12c61,6909fc837703597b812db9f4,d78bb9e3-60ee-4774-88a5-7045334e9fcd,0,0,0,0,0,1,1,0,0,0,,0,0
396,677c455afc1062faab5b165e,6909fd18e5a4e153399d8789,d9569d0d-dc8b-487a-a633-67211c51506a,1,0,0,0,0,0,0,0,0,0,,0,0
397,60cf0d251a90eb823bc9b740,6909fda3bf172ac299953c7e,ad257275-8598-46a9-8c53-ac2df6d1c3fe,1,0,0,0,0,0,0,0,0,0,,0,0
398,6153ab159ff8abebb4a12c61,6909fc837703597b812db9f4,d3ff91b2-f704-4c28-b333-8cb1c325fc95,0,0,0,0,0,0,0,0,1,0,,0,0
399,5f01ce19f3984631df5348e4,6909f9d7902ba68d38c7e326,c7f5deb2-d7f8-43f3-a460-0b8a1107039b,0,0,0,0,1,1,1,0,0,0,,0,0
400,65537e14439274fe5036b4d2,6909fdd8d7e732f135b376b6,722fb3f6-00b3-4297-891e-909c43aaa672,1,0,0,0,0,0,0,0,0,0,,0,0
401,677c455afc1062faab5b165e,6909fd18e5a4e153399d8789,7f213f5b-3a41-44d0-b96f-e796b67c42c6,1,0,0,0,0,1,0,0,0,0,,0,0
402,60cf0d251a90eb823bc9b740,6909fda3bf172ac299953c7e,56697747-91f3-4b5c-846c-7ad8f0df521e,1,0,0,0,0,0,1,0,0,0,,0,0
403,6153ab159ff8abebb4a12c61,6909fc837703597b812db9f4,576cc684-e1f7-450d-9a71-025b7ddc9069,0,0,0,0,1,0,0,0,0,0,,0,0
404,65537e14439274fe5036b4d2,6909fdd8d7e732f135b376b6,4ad04e68-e700-4af8-82e8-efdd54e4c4e7,1,0,0,0,0,0,0,0,0,0,,0,0
405,6153ab159ff8abebb4a12c61,6909fc837703597b812db9f4,62809618-e8b3-4ed5-9fc9-40f128a116be,1,0,0,0,0,0,0,0,0,0,,0,0
406,677c455afc1062faab5b165e,6909fd18e5a4e153399d8789,cf5d89ce-f4e0-4df6-ba7a-dce7daf39912,1,0,0,0,0,1,0,0,0,0,,0,0
407,65537e14439274fe5036b4d2,6909fdd8d7e732f135b376b6,14ea34bf-b4ab-47f0-992a-857b835b00e8,1,0,1,0,1,0,0,0,0,0,,0,0
408,677c455afc1062faab5b165e,6909fd18e5a4e153399d8789,4e99ac23-77eb-4386-a281-ec8c68e8b1db,0,0,1,0,0,0,0,0,0,0,,0,0
409,65537e14439274fe5036b4d2,6909fdd8d7e732f135b376b6,265b2557-f3d3-4587-8259-3a67d7560a5f,0,0,0,0,0,0,0,0,1,0,,0,0
410,6153ab159ff8abebb4a12c61,6909fc837703597b812db9f4,e2c4c2a4-a524-478d-bd70-7ca03c2eaa04,0,1,0,0,0,0,0,0,0,0,,0,0
411,5f01ce19f3984631df5348e4,6909f9d7902ba68d38c7e326,8c35b951-26ea-4c2c-9c89-4354368e9e93,0,0,0,0,1,1,1,0,0,0,,0,0
412,677c455afc1062faab5b165e,6909fd18e5a4e153399d8789,3a86f631-ab1b-4571-9a2a-f2e19b42a884,1,0,0,0,0,1,0,0,0,0,,0,0
413,5f01ce19f3984631df5348e4,6909f9d7902ba68d38c7e326,fa3fc350-cf86-4723-bf41-59d80846d961,0,0,0,0,0,0,0,0,1,0,,0,0
414,60cf0d251a90eb823bc9b740,6909fda3bf172ac299953c7e,b0529112-a709-4cf9-b4fa-5a985650dece,0,0,0,0,0,0,0,0,0,0,,0,1
415,65537e14439274fe5036b4d2,6909fdd8d7e732f135b376b6,92a28a09-a7b8-4916-b665-5a3d593a17eb,0,0,1,0,1,0,0,0,0,0,,0,0
416,60cf0d251a90eb823bc9b740,6909fda3bf172ac299953c7e,77a0e18d-d018-4afd-8807-b0d36d6780bc,0,0,0,0,0,0,0,1,0,0,,0,0
417,5f01ce19f3984631df5348e4,6909f9d7902ba68d38c7e326,968d8cf3-bcf4-49df-8317-ff597ba5b289,0,0,0,0,0,0,1,0,1,0,,0,0
418,5f01ce19f3984631df5348e4,6909f9d7902ba68d38c7e326,e1861131-b3be-4aef-9ac5-fa9a4033b349,0,0,0,0,0,0,0,0,1,0,,0,0
419,65537e14439274fe5036b4d2,6909fdd8d7e732f135b376b6,94baa392-a042-43e6-84ef-8f86cc755d5a,1,0,0,0,1,0,0,0,0,0,,0,0
420,677c455afc1062faab5b165e,6909fd18e5a4e153399d8789,7d86cc99-5199-43a0-bce7-7f576b5273e9,1,0,0,1,0,1,0,0,0,0,,0,0
421,6153ab159ff8abebb4a12c61,6909fc837703597b812db9f4,3985139e-3e49-442d-aa34-2c2f136e050f,0,0,0,0,0,0,0,0,1,0,,0,0
422,6153ab159ff8abebb4a12c61,6909fc837703597b812db9f4,34d7ea05-1eb6-4504-9cd9-e34a06061029,0,0,0,0,0,0,1,0,0,0,,0,0
423,60cf0d251a90eb823bc9b740,6909fda3bf172ac299953c7e,a23c25f5-af4b-4394-9e4f-a0d4db342aab,1,0,0,0,0,0,0,0,0,0,,0,0
424,677c455afc1062faab5b165e,6909fd18e5a4e153399d8789,d17e3add-7ac8-40c6-af77-3565a069b667,1,0,0,0,1,0,0,0,0,0,,0,0
425,5f01ce19f3984631df5348e4,6909f9d7902ba68d38c7e326,8c35b951-26ea-4c2c-9c89-4354368e9e93,1,1,0,0,0,0,0,0,0,0,,0,0
426,65537e14439274fe5036b4d2,6909fdd8d7e732f135b376b6,2ca48e43-23b6-4611-911b-f643e405b89e,0,0,0,0,1,0,0,0,0,0,,0,0
427,5f01ce19f3984631df5348e4,6909f9d7902ba68d38c7e326,fa3fc350-cf86-4723-bf41-59d80846d961,0,0,0,0,0,0,0,0,1,0,,0,0
428,677c455afc1062faab5b165e,6909fd18e5a4e153399d8789,07a4a437-b538-476e-b1b0-957c5665c763,0,0,0,0,1,1,0,0,0,0,,0,0
429,65537e14439274fe5036b4d2,6909fdd8d7e732f135b376b6,6a38930c-7864-4324-8109-44f37e408fd4,1,0,0,0,0,0,0,0,0,0,,0,0
430,6153ab159ff8abebb4a12c61,6909fc837703597b812db9f4,70c95c0e-9b28-4d0c-be46-52f5ceb4e5d3,0,0,0,0,0,1,0,0,0,0,,0,0
431,5f01ce19f3984631df5348e4,6909f9d7902ba68d38c7e326,968d8cf3-bcf4-49df-8317-ff597ba5b289,1,0,1,0,0,0,0,0,1,0,,0,0
432,677c455afc1062faab5b165e,6909fd18e5a4e153399d8789,4d443506-71ab-4b5d-91bc-51976d74be0d,0,0,1,0,1,1,0,0,0,0,,0,0
433,6153ab159ff8abebb4a12c61,6909fc837703597b812db9f4,e08b43c6-5d34-4afd-a28f-e12b336527cd,1,0,0,0,0,0,0,0,0,0,,0,0
434,65537e14439274fe5036b4d2,6909fdd8d7e732f135b376b6,d7d968a7-d369-4aa2-9ba3-a5ebe4bef0e6,1,0,0,0,0,0,0,0,1,0,,0,0
435,5f01ce19f3984631df5348e4,6909f9d7902ba68d38c7e326,e1861131-b3be-4aef-9ac5-fa9a4033b349,0,0,0,0,0,0,0,0,1,0,,0,0
436,6153ab159ff8abebb4a12c61,6909fc837703597b812db9f4,77a0e18d-d018-4afd-8807-b0d36d6780bc,0,0,0,0,0,0,0,1,0,0,,0,0
437,65537e14439274fe5036b4d2,6909fdd8d7e732f135b376b6,72fc8f31-5a1a-4c61-ba56-381e24444f01,0,0,0,0,1,0,0,0,0,0,,0,0
438,60cf0d251a90eb823bc9b740,6909fda3bf172ac299953c7e,27e9e3b2-2227-4be9-9e9f-1b8337a250a7,0,0,0,0,0,0,0,0,1,0,,0,0
439,5f01ce19f3984631df5348e4,6909f9d7902ba68d38c7e326,07b9268a-5012-4097-97a4-2ade0dab6c88,0,0,0,0,0,1,0,1,0,0,,0,1
440,60cf0d251a90eb823bc9b740,6909fda3bf172ac299953c7e,5554515a-9489-48d2-b603-500b5735618d,1,0,0,0,0,0,0,0,0,0,,0,0
441,6153ab159ff8abebb4a12c61,6909fc837703597b812db9f4,faaa3ae4-aa45-4622-86b0-962b3d49853e,0,0,0,0,0,0,0,0,1,0,,0,0
442,5f01ce19f3984631df5348e4,6909f9d7902ba68d38c7e326,c5b78593-6188-45d3-9d03-e065cc469bfe,0,0,0,0,0,0,0,1,1,0,,0,0
443,677c455afc1062faab5b165e,6909fd18e5a4e153399d8789,f77d5253-3770-4cfe-af13-3f5f6d287e28,1,0,1,0,0,0,0,0,0,0,,0,0
444,60cf0d251a90eb823bc9b740,6909fda3bf172ac299953c7e,6760ff67-8d4d-4df3-b4be-7efde21d57f7,1,0,0,0,0,1,0,0,0,0,,0,0
445,65537e14439274fe5036b4d2,6909fdd8d7e732f135b376b6,eaa53c4c-cf2f-4433-8a63-48293da1b345,1,0,0,0,0,0,0,0,0,0,,0,0
446,5f01ce19f3984631df5348e4,6909f9d7902ba68d38c7e326,44377e4c-cd4b-4d39-8a98-c933b60eb619,0,0,0,0,1,1,0,0,0,0,,0,0
447,6153ab159ff8abebb4a12c61,6909fc837703597b812db9f4,f74c802b-a25d-4c00-bbfa-ab64105da990,1,0,0,0,0,0,0,0,0,0,,0,0
448,65537e14439274fe5036b4d2,6909fdd8d7e732f135b376b6,d680a71c-53db-4f13-9063-50a4b088128d,0,0,0,0,1,0,0,1,0,0,,0,0
449,677c455afc1062faab5b165e,6909fd18e5a4e153399d8789,8855948b-9217-44fb-b88e-d720fb1b85f1,0,0,0,0,0,1,0,0,0,0,,0,0
450,6153ab159ff8abebb4a12c61,6909fc837703597b812db9f4,a7d84abd-4acd-40da-adf2-b9ab569b893f,0,0,0,0,0,0,0,0,1,0,,0,0
451,5f01ce19f3984631df5348e4,6909f9d7902ba68d38c7e326,576cc684-e1f7-450d-9a71-025b7ddc9069,0,0,1,0,0,1,0,0,0,0,,0,0
452,60cf0d251a90eb823bc9b740,6909fda3bf172ac299953c7e,d78bb9e3-60ee-4774-88a5-7045334e9fcd,0,0,0,0,1,1,0,0,0,0,,0,0
453,65537e14439274fe5036b4d2,6909fdd8d7e732f135b376b6,d9569d0d-dc8b-487a-a633-67211c51506a,0,0,0,0,1,0,0,0,0,0,,0,0
454,5f01ce19f3984631df5348e4,6909f9d7902ba68d38c7e326,6d902ef7-01a9-4c64-bbd5-1f031103edb0,0,0,0,0,1,1,0,1,0,0,,0,0
455,60cf0d251a90eb823bc9b740,6909fda3bf172ac299953c7e,f363cce5-b706-41ec-9cb1-c14dff3bd2d1,0,0,0,0,1,0,0,0,0,0,,0,0
456,677c455afc1062faab5b165e,6909fd18e5a4e153399d8789,caf602b0-2302-4afc-9725-b21d99851405,0,0,0,0,0,0,0,0,1,0,,0,0
457,5f01ce19f3984631df5348e4,6909f9d7902ba68d38c7e326,d249ffeb-4782-4abd-84a4-c3d9897dd2bd,0,0,0,0,0,0,0,1,0,0,,0,0
458,65537e14439274fe5036b4d2,6909fdd8d7e732f135b376b6,c7f5deb2-d7f8-43f3-a460-0b8a1107039b,1,0,0,0,1,0,0,0,0,0,,0,0
459,60cf0d251a90eb823bc9b740,6909fda3bf172ac299953c7e,3aea37ac-bc63-426b-9e5f-74ee876f8d46,0,0,0,0,0,0,0,0,1,0,,0,0
460,65537e14439274fe5036b4d2,6909fdd8d7e732f135b376b6,50bd31a7-f153-407f-be59-808e670e53d8,1,1,0,0,0,0,0,0,0,0,,0,0
461,677c455afc1062faab5b165e,6909fd18e5a4e153399d8789,2a38bcb4-59f2-4dca-a26d-bf46e1ccaff3,0,0,0,0,0,1,0,1,0,0,,0,0
462,5f01ce19f3984631df5348e4,6909f9d7902ba68d38c7e326,f506f5eb-49f7-4f01-8763-9ef54d1f1cee,1,0,1,0,1,0,1,0,0,0,,0,0
463,60cf0d251a90eb823bc9b740,6909fda3bf172ac299953c7e,dfecd88a-cf93-4747-bfc5-0c2ae98cf856,1,0,0,0,1,0,0,0,0,0,,0,0
464,65537e14439274fe5036b4d2,6909fdd8d7e732f135b376b6,230a26d0-82be-49f3-ba09-f7c1d23b2c4e,0,0,0,0,1,0,0,1,0,0,,0,0
465,5f01ce19f3984631df5348e4,6909f9d7902ba68d38c7e326,c3ab2b89-824c-4c74-92f8-f90268296a2a,0,0,0,0,1,1,1,1,0,0,,0,0
466,6153ab159ff8abebb4a12c61,6909fc837703597b812db9f4,c40fb145-d3be-4ca6-8c23-8b44a7fb894e,0,0,0,0,0,0,0,0,1,0,,0,0
467,60cf0d251a90eb823bc9b740,6909fda3bf172ac299953c7e,16a3e7be-5a2d-41e0-afab-becaea61b42a,1,0,0,0,0,1,1,0,0,0,,0,0
468,65537e14439274fe5036b4d2,6909fdd8d7e732f135b376b6,4de8d3ac-1266-454e-95b1-c21913430e97,1,0,0,0,1,0,0,0,0,0,,0,0
469,677c455afc1062faab5b165e,6909fd18e5a4e153399d8789,c3ab2b89-824c-4c74-92f8-f90268296a2a,0,0,0,0,1,1,1,0,0,0,,0,0
470,5f01ce19f3984631df5348e4,6909f9d7902ba68d38c7e326,31d8abad-eccf-49a9-b1ca-d31b842d9726,0,0,0,1,1,1,0,0,0,0,,0,1
471,60cf0d251a90eb823bc9b740,6909fda3bf172ac299953c7e,11d07e4f-cf5b-47e7-9183-be9e852f30f9,0,1,0,0,0,0,0,0,1,0,,0,0
472,6153ab159ff8abebb4a12c61,6909fc837703597b812db9f4,c418b0a2-1f0e-49ba-b0e0-7b3367a1acc3,0,0,0,0,0,1,1,0,0,0,,0,0
473,65537e14439274fe5036b4d2,6909fdd8d7e732f135b376b6,d697e47f-e538-40e4-bf64-1e79ef99d959,0,0,0,0,0,0,0,0,1,0,,0,0
474,5f01ce19f3984631df5348e4,6909f9d7902ba68d38c7e326,4d443506-71ab-4b5d-91bc-51976d74be0d,0,0,0,0,1,1,1,0,0,0,,0,0
475,60cf0d251a90eb823bc9b740,6909fda3bf172ac299953c7e,c7f5deb2-d7f8-43f3-a460-0b8a1107039b,1,0,0,0,0,1,0,0,0,0,,0,0
476,6153ab159ff8abebb4a12c61,6909fc837703597b812db9f4,44377e4c-cd4b-4d39-8a98-c933b60eb619,0,0,1,0,0,0,0,0,0,0,,0,0
477,60cf0d251a90eb823bc9b740,6909fda3bf172ac299953c7e,81b778ef-ff52-439e-a368-c4971dc2d06a,0,0,0,0,0,0,0,1,0,0,,0,0
478,5f01ce19f3984631df5348e4,6909f9d7902ba68d38c7e326,2a91338f-1f82-46b9-907b-1051e1892132,0,0,0,0,1,1,0,0,0,0,,0,0
479,60cf0d251a90eb823bc9b740,6909fda3bf172ac299953c7e,6b682936-874d-4fe9-920c-e159e09bcd0a,1,0,0,0,0,0,0,0,0,0,,0,0
480,65537e14439274fe5036b4d2,6909fdd8d7e732f135b376b6,aeae8179-268c-472e-9ef2-7845d55f4c7c,0,0,1,0,0,0,1,0,0,0,,0,0
481,677c455afc1062faab5b165e,6909fd18e5a4e153399d8789,160d0ee4-c2ad-48fe-bc78-79f7ef00b902,1,0,0,1,0,0,0,0,0,0,,0,0
482,5f01ce19f3984631df5348e4,6909f9d7902ba68d38c7e326,2d0ab5a6-733c-4280-b774-c9a3cff29857,0,0,0,0,1,1,1,0,0,0,,0,0
483,65537e14439274fe5036b4d2,6909fdd8d7e732f135b376b6,d5c15286-23ee-4d1f-917d-6dc2c645e5fe,0,0,0,0,1,0,0,0,0,0,,0,0
484,6153ab159ff8abebb4a12c61,6909fc837703597b812db9f4,f77d5253-3770-4cfe-af13-3f5f6d287e28,0,0,0,0,1,0,0,0,0,0,,0,0
485,5f01ce19f3984631df5348e4,6909f9d7902ba68d38c7e326,c7f5deb2-d7f8-43f3-a460-0b8a1107039b,0,0,1,0,0,0,1,0,0,0,,0,0
486,65537e14439274fe5036b4d2,6909fdd8d7e732f135b376b6,65da7159-da3b-494d-bbef-0d6e32119793,0,0,0,0,1,0,0,0,0,0,,0,0
487,5f01ce19f3984631df5348e4,6909f9d7902ba68d38c7e326,4610d349-d2cc-4a55-8fba-505110d0ae8a,0,0,0,0,0,0,0,0,1,0,,0,0
488,677c455afc1062faab5b165e,6909fd18e5a4e153399d8789,c319a29b-31a1-4ec9-9612-abcb0dbf3151,0,0,0,0,0,0,0,0,1,0,,0,0
489,65537e14439274fe5036b4d2,6909fdd8d7e732f135b376b6,dacbec05-3453-4106-a5a4-0035368235de,0,0,0,0,1,1,0,1,0,0,,0,0
490,60cf0d251a90eb823bc9b740,6909fda3bf172ac299953c7e,f1e92313-dc8c-4e37-829d-defe6563e99a,1,0,0,0,0,1,0,0,0,0,,0,0
491,6153ab159ff8abebb4a12c61,6909fc837703597b812db9f4,caf602b0-2302-4afc-9725-b21d99851405,0,0,0,0,0,1,1,0,0,0,,0,0
492,5f01ce19f3984631df5348e4,6909f9d7902ba68d38c7e326,f052e783-6f44-4020-8fe3-8f082aab5e6e,0,0,0,0,0,0,0,0,1,0,,0,0
493,677c455afc1062faab5b165e,6909fd18e5a4e153399d8789,6d902ef7-01a9-4c64-bbd5-1f031103edb0,0,0,0,0,0,1,1,0,0,0,,0,0
494,65537e14439274fe5036b4d2,6909fdd8d7e732f135b376b6,c418b0a2-1f0e-49ba-b0e0-7b3367a1acc3,0,0,0,0,1,1,0,1,0,0,,0,0
495,6153ab159ff8abebb4a12c61,6909fc837703597b812db9f4,622b424d-a348-4f38-8e05-a28d7f7a39eb,0,0,0,0,1,1,0,0,0,0,,0,0
496,60cf0d251a90eb823bc9b740,6909fda3bf172ac299953c7e,6d902ef7-01a9-4c64-bbd5-1f031103edb0,0,0,0,0,0,0,0,1,0,0,,0,0
497,6153ab159ff8abebb4a12c61,6909fc837703597b812db9f4,77a74c12-3e3e-4adc-9f00-8e13e57fdc69,0,0,0,0,0,0,0,1,0,0,,0,0
498,65537e14439274fe5036b4d2,6909fdd8d7e732f135b376b6,379c90c9-f019-4a9a-a63c-d07b8b8a1cc4,0,0,0,0,0,0,1,1,1,0,,0,0
499,65537e14439274fe5036b4d2,6909fdd8d7e732f135b376b6,febb6e33-2f4e-4005-a0b7-8318beb69905,1,1,0,0,1,0,0,0,0,0,,0,0
500,60cf0d251a90eb823bc9b740,6909fda3bf172ac299953c7e,718b5d62-e3de-4864-a4f9-b8b1deb4d4cc,0,0,0,0,0,0,0,0,1,0,,0,0
501,60cf0d251a90eb823bc9b740,6909fda3bf172ac299953c7e,60dbdfaf-b74c-46ec-8465-8eebe5730650,0,0,0,0,0,1,0,0,1,0,,0,0
502,677c455afc1062faab5b165e,6909fd18e5a4e153399d8789,c967a471-adfd-4549-b5dc-1f6f85b880b4,0,0,0,0,0,0,0,0,0,0,,1,0
503,60cf0d251a90eb823bc9b740,6909fda3bf172ac299953c7e,2edad23c-4230-4ebd-ad70-8171a09b8b78,0,0,0,0,0,0,0,0,1,0,,0,0
504,65537e14439274fe5036b4d2,6909fdd8d7e732f135b376b6,b732dc5d-2672-45f3-86dc-a00ae1c43787,1,0,0,0,1,0,0,0,0,0,,0,0
505,6153ab159ff8abebb4a12c61,6909fc837703597b812db9f4,74db770f-dbf2-48f7-a436-59c949f2e34a,0,0,0,0,0,0,0,1,0,0,,0,0
506,677c455afc1062faab5b165e,6909fd18e5a4e153399d8789,806c6da8-17eb-4dd3-b3d8-83df9e733c43,0,0,0,0,0,0,1,0,0,0,,0,0
507,60cf0d251a90eb823bc9b740,6909fda3bf172ac299953c7e,be3c27f8-e587-450c-be81-c7e6e2cec608,0,0,1,0,1,0,0,0,0,0,,0,0
508,677c455afc1062faab5b165e,6909fd18e5a4e153399d8789,70c95c0e-9b28-4d0c-be46-52f5ceb4e5d3,0,0,0,0,0,0,0,0,1,0,,0,0
509,60cf0d251a90eb823bc9b740,6909fda3bf172ac299953c7e,0c63fb9d-9c54-4a06-a9cc-5bc086c8bb43,0,0,0,0,0,0,0,1,0,0,,0,0
510,65537e14439274fe5036b4d2,6909fdd8d7e732f135b376b6,7f213f5b-3a41-44d0-b96f-e796b67c42c6,1,0,0,0,1,0,1,0,0,0,,0,0
511,60cf0d251a90eb823bc9b740,6909fda3bf172ac299953c7e,faaa3ae4-aa45-4622-86b0-962b3d49853e,0,0,0,0,0,0,0,0,1,0,,0,0
512,60cf0d251a90eb823bc9b740,6909fda3bf172ac299953c7e,0dc6c761-a511-4cf4-bfa7-79ea52b6130b,1,0,0,0,0,0,0,0,0,0,,0,0
513,65537e14439274fe5036b4d2,6909fdd8d7e732f135b376b6,42389652-a3e5-4a7c-905a-c5a67f4886a0,1,0,0,0,1,0,0,0,0,0,,0,0
514,677c455afc1062faab5b165e,6909fd18e5a4e153399d8789,ac30d876-f31e-485b-b8bf-f8f545e7bec4,0,0,0,0,1,1,1,0,0,0,,0,0
515,60cf0d251a90eb823bc9b740,6909fda3bf172ac299953c7e,23ec3bcf-16b9-4fab-bc73-389031fa308a,1,0,0,1,0,0,0,0,0,0,,0,0
516,65537e14439274fe5036b4d2,6909fdd8d7e732f135b376b6,ebccd832-1e8e-432a-865a-08ac7410f01f,1,0,0,0,1,0,0,0,0,0,,0,0
517,60cf0d251a90eb823bc9b740,6909fda3bf172ac299953c7e,e4ff9618-bfc0-4fa6-9197-a53400c28aac,1,0,0,0,0,1,0,0,0,0,,0,0
518,677c455afc1062faab5b165e,6909fd18e5a4e153399d8789,ce02da34-e0b6-4dae-9981-417a9a9b8422,0,0,0,0,0,0,0,0,0,0,,1,0
519,65537e14439274fe5036b4d2,6909fdd8d7e732f135b376b6,a8e3570f-7470-422a-9b92-6be2f883780e,1,1,0,0,0,0,0,0,1,0,,0,0
520,60cf0d251a90eb823bc9b740,6909fda3bf172ac299953c7e,822cd84e-7f47-4110-bf4b-c29e6c86f3b6,0,0,1,0,0,0,0,0,0,0,,0,0
521,677c455afc1062faab5b165e,6909fd18e5a4e153399d8789,bdd2a97e-a3ea-4026-9b0a-6b52cc41d368,0,0,0,0,0,1,0,0,0,0,,0,0
522,6153ab159ff8abebb4a12c61,6909fc837703597b812db9f4,a91e41a7-c209-4b15-a474-0f847ae40f6b,0,0,0,1,1,0,0,0,0,0,,0,0
523,677c455afc1062faab5b165e,6909fd18e5a4e153399d8789,7a3ad8c8-ed2e-4272-90ca-278ac142a60a,1,0,0,0,0,0,0,0,1,0,,0,0
524,65537e14439274fe5036b4d2,6909fdd8d7e732f135b376b6,2f5f1fbe-e9d6-48c9-87d5-3cd32cf44d59,1,0,0,0,1,0,1,0,0,0,,0,0
525,677c455afc1062faab5b165e,6909fd18e5a4e153399d8789,b1f9448c-bafa-4180-9a99-2afb84ec2ebe,0,0,0,0,1,1,0,1,0,0,,0,0
526,65537e14439274fe5036b4d2,6909fdd8d7e732f135b376b6,bac988ba-915d-4121-87bc-aabb296eeedb,1,0,0,0,1,0,1,0,0,0,,0,0
527,6153ab159ff8abebb4a12c61,6909fc837703597b812db9f4,2650e4d5-1418-4eb9-936f-c514bbab3385,0,0,0,1,0,0,1,0,0,0,,0,0
528,677c455afc1062faab5b165e,6909fd18e5a4e153399d8789,90abe2ec-23a7-4c84-b900-7a478c0adcc5,1,0,0,0,0,0,0,0,1,0,,0,0
529,65537e14439274fe5036b4d2,6909fdd8d7e732f135b376b6,e2c4c2a4-a524-478d-bd70-7ca03c2eaa04,1,1,0,0,0,0,0,0,1,0,,0,0
530,6153ab159ff8abebb4a12c61,6909fc837703597b812db9f4,2e460405-3814-48a9-be65-a0f565c3b4da,0,0,0,0,0,0,0,0,1,0,,0,0
531,677c455afc1062faab5b165e,6909fd18e5a4e153399d8789,9232b064-c542-421f-9bd9-ac73860f6617,0,0,0,0,1,1,1,0,0,0,,0,0
532,65537e14439274fe5036b4d2,6909fdd8d7e732f135b376b6,8c35b951-26ea-4c2c-9c89-4354368e9e93,0,1,0,0,0,0,0,0,0,0,,0,0
533,6153ab159ff8abebb4a12c61,6909fc837703597b812db9f4,bac988ba-915d-4121-87bc-aabb296eeedb,1,0,0,0,0,0,1,0,0,0,,0,0
534,65537e14439274fe5036b4d2,6909fdd8d7e732f135b376b6,b7ae16d3-b04e-4a6c-ac63-0cc3e3f97d02,0,0,0,0,0,0,1,1,0,0,,0,0
535,677c455afc1062faab5b165e,6909fd18e5a4e153399d8789,9ed2fadb-6095-483e-8317-8505441613cb,0,0,0,0,0,0,0,0,1,0,,0,0
536,6153ab159ff8abebb4a12c61,6909fc837703597b812db9f4,d873affb-b38d-40f2-8fa2-f683adf99d85,0,0,0,0,0,0,0,0,1,0,,0,0
537,677c455afc1062faab5b165e,6909fd18e5a4e153399d8789,1b0c9e94-0706-42fa-8924-6cf7d5b23ea5,1,0,0,0,1,0,0,0,0,0,,0,0
538,677c455afc1062faab5b165e,6909fd18e5a4e153399d8789,a7da4f56-5ef5-413d-9d54-e84cdab395fc,0,0,0,0,0,1,1,0,0,0,,0,0
539,6153ab159ff8abebb4a12c61,6909fc837703597b812db9f4,959d2431-b865-4258-9413-889fc2743005,0,0,0,0,0,1,1,0,0,0,,0,0
540,677c455afc1062faab5b165e,6909fd18e5a4e153399d8789,31938868-5769-4242-8da8-a382493ab206,1,0,0,0,0,0,0,0,0,0,,0,0
541,677c455afc1062faab5b165e,6909fd18e5a4e153399d8789,8d8cd176-3836-4975-a2ff-4bfb4c97772b,1,0,0,0,0,0,0,0,1,0,,0,0
542,6153ab159ff8abebb4a12c61,6909fc837703597b812db9f4,e5b12311-10a0-45c1-8cd5-5087a14c0184,0,0,0,0,1,0,1,0,0,0,,0,0
543,677c455afc1062faab5b165e,6909fd18e5a4e153399d8789,641d88c1-6814-49a5-bc0e-60a150f2a3b1,0,0,0,0,1,0,0,0,0,0,,0,0
544,6153ab159ff8abebb4a12c61,6909fc837703597b812db9f4,99906810-85c3-4f81-8590-c1145f7a93bd,0,0,0,0,0,0,1,0,0,0,,0,0
545,677c455afc1062faab5b165e,6909fd18e5a4e153399d8789,eaa53c4c-cf2f-4433-8a63-48293da1b345,0,0,0,0,0,0,0,0,0,0,,1,0
546,6153ab159ff8abebb4a12c61,6909fc837703597b812db9f4,9b89f9b5-ea62-47a2-ba30-3129b0b8077f,0,0,1,0,1,0,0,0,0,0,,0,0
547,6153ab159ff8abebb4a12c61,6909fc837703597b812db9f4,379c90c9-f019-4a9a-a63c-d07b8b8a1cc4,0,0,0,0,0,0,0,0,1,0,,0,0
548,6153ab159ff8abebb4a12c61,6909fc837703597b812db9f4,ae0493ca-ec1a-4f78-8557-41a231645f1a,0,0,0,0,0,0,0,0,1,0,,0,0
549,6153ab159ff8abebb4a12c61,6909fc837703597b812db9f4,570f45ef-8f9f-484f-9e9c-ef39ce5185dd,0,0,0,0,1,0,0,0,0,0,,0,0
550,637e4351f6c7592941500be6,690a019dc74898c2e1b033bd,109f2160-605e-42ee-afb8-4950e3c4e3cc,0,0,0,0,0,0,0,0,1,0,,0,0
551,637e4351f6c7592941500be6,690a019dc74898c2e1b033bd,822cd84e-7f47-4110-bf4b-c29e6c86f3b6,0,0,0,1,1,0,0,0,0,0,,0,0
552,56abcb46f209e0000adab961,690a01dca00e0252bb6f7d1e,8c5148e0-d380-4ee8-bcab-d4cc3c649e28,1,0,0,0,0,0,0,0,0,0,,0,0
553,637e4351f6c7592941500be6,690a019dc74898c2e1b033bd,2d0ab5a6-733c-4280-b774-c9a3cff29857,1,0,0,0,0,0,0,0,0,0,,0,0
554,637e4351f6c7592941500be6,690a019dc74898c2e1b033bd,5b109327-6b1a-4489-9d8f-e2a16bd58ec5,1,0,0,0,1,0,0,0,0,0,,0,0
555,637e4351f6c7592941500be6,690a019dc74898c2e1b033bd,9b6f4c28-9c91-4469-8378-c4cb4a06ce67,1,0,0,0,0,0,1,0,0,0,,0,0
556,5f3adfbf2e598b7a0b73c45e,690a01cc1434dcf93977a19f,c38d0262-0d57-4e9d-9a55-22ea852fbf5e,1,0,0,0,1,0,0,0,0,0,,0,0
557,56abcb46f209e0000adab961,690a01dca00e0252bb6f7d1e,95ea17de-c44b-42f6-94db-980f62879e86,0,0,0,0,0,0,0,0,0,1,"I have no idea what ""KEEP u felted"" means.",1,0
558,637e4351f6c7592941500be6,690a019dc74898c2e1b033bd,d78bb9e3-60ee-4774-88a5-7045334e9fcd,0,0,0,0,0,1,0,1,0,0,,0,0
559,637e4351f6c7592941500be6,690a019dc74898c2e1b033bd,ea36f9a8-e45f-4b33-9c9e-65830481af62,0,0,0,0,0,0,0,1,0,0,,0,0
560,5f3adfbf2e598b7a0b73c45e,690a01cc1434dcf93977a19f,bac988ba-915d-4121-87bc-aabb296eeedb,1,0,0,0,1,1,0,0,0,0,,0,0
561,637e4351f6c7592941500be6,690a019dc74898c2e1b033bd,ebccd832-1e8e-432a-865a-08ac7410f01f,1,0,0,0,0,0,0,0,0,0,,0,0
562,637e4351f6c7592941500be6,690a019dc74898c2e1b033bd,1b44001d-2862-4a2a-af05-b867a4deb6f9,0,0,0,0,1,0,1,0,0,0,,0,0
563,5f3adfbf2e598b7a0b73c45e,690a01cc1434dcf93977a19f,806c6da8-17eb-4dd3-b3d8-83df9e733c43,0,0,1,0,1,0,0,0,0,0,,0,0
564,637e4351f6c7592941500be6,690a019dc74898c2e1b033bd,fb7a1d5c-d914-49b0-a0f2-02765579d6cd,1,0,0,0,0,0,0,0,0,0,,0,0
565,637e4351f6c7592941500be6,690a019dc74898c2e1b033bd,ebe65363-98d0-4992-8542-2be931cfecf6,0,0,0,0,1,0,0,0,0,0,,0,0
566,5f3adfbf2e598b7a0b73c45e,690a01cc1434dcf93977a19f,27166f6c-6288-402d-997d-e2853b216e4a,1,0,0,0,0,0,0,0,0,0,,0,0
567,56abcb46f209e0000adab961,690a01dca00e0252bb6f7d1e,44377e4c-cd4b-4d39-8a98-c933b60eb619,0,0,1,0,0,1,0,0,0,0,,0,0
568,637e4351f6c7592941500be6,690a019dc74898c2e1b033bd,df49958e-ffba-40f0-8ccc-347842d27068,0,0,0,0,0,1,1,0,0,0,,0,0
569,5f3adfbf2e598b7a0b73c45e,690a01cc1434dcf93977a19f,a3e88127-2f73-4d93-af8e-a7e2863ed0bd,1,1,0,0,0,0,0,0,0,0,,0,0
570,637e4351f6c7592941500be6,690a019dc74898c2e1b033bd,23906dd2-fd35-4752-bb82-843151d1f2ca,0,0,0,1,0,0,1,0,0,0,,0,0
571,56abcb46f209e0000adab961,690a01dca00e0252bb6f7d1e,bb9e9522-b23b-4eb9-a76d-e32e83cfe9f4,1,0,0,0,0,0,0,0,0,0,,0,0
572,5f3adfbf2e598b7a0b73c45e,690a01cc1434dcf93977a19f,3acb4863-cc03-43f0-870d-8dbaf0e321b3,0,0,0,0,1,1,0,0,0,0,,0,1
573,56abcb46f209e0000adab961,690a01dca00e0252bb6f7d1e,09831b27-d146-4461-8e2f-19aa562b81fb,1,0,0,0,1,0,0,0,0,0,,0,0
574,56abcb46f209e0000adab961,690a01dca00e0252bb6f7d1e,6a38930c-7864-4324-8109-44f37e408fd4,1,0,0,0,0,0,1,0,0,0,,0,0
575,56abcb46f209e0000adab961,690a01dca00e0252bb6f7d1e,dced8c78-20fd-4bbe-976f-068cfe54fe58,0,0,0,0,1,1,0,0,0,0,,0,0
576,5f3adfbf2e598b7a0b73c45e,690a01cc1434dcf93977a19f,0388f85a-c77f-4761-b20a-d57c3a60d50d,1,0,0,0,1,0,0,0,0,0,,0,0
577,56abcb46f209e0000adab961,690a01dca00e0252bb6f7d1e,2650e4d5-1418-4eb9-936f-c514bbab3385,0,0,1,0,0,0,0,0,0,0,,0,0
578,637e4351f6c7592941500be6,690a019dc74898c2e1b033bd,968e5909-2396-412f-ab31-2dbb3b92a338,1,0,0,1,0,0,0,0,0,0,,0,0
579,637e4351f6c7592941500be6,690a019dc74898c2e1b033bd,22b48f5f-2336-4098-8571-7f91f2d15b3f,1,0,0,0,0,0,0,0,0,0,,0,0
580,637e4351f6c7592941500be6,690a019dc74898c2e1b033bd,a1f69970-0a15-4261-b841-6c247e090a52,0,0,0,1,1,0,0,0,0,0,,0,0
581,5f3adfbf2e598b7a0b73c45e,690a01cc1434dcf93977a19f,70c95c0e-9b28-4d0c-be46-52f5ceb4e5d3,0,0,0,0,0,0,1,0,0,0,,0,0
582,637e4351f6c7592941500be6,690a019dc74898c2e1b033bd,3e4eb78c-03ee-469a-bcac-046af516ee8d,0,0,0,0,0,0,0,0,0,0,,0,1
583,56abcb46f209e0000adab961,690a01dca00e0252bb6f7d1e,969d919c-947d-4acd-985f-029967ddcd14,0,0,0,0,0,1,1,0,0,0,,0,0
584,637e4351f6c7592941500be6,690a019dc74898c2e1b033bd,c7f5deb2-d7f8-43f3-a460-0b8a1107039b,0,0,0,0,1,0,1,0,0,0,,0,0
585,637e4351f6c7592941500be6,690a019dc74898c2e1b033bd,f1e92313-dc8c-4e37-829d-defe6563e99a,1,0,0,0,1,0,0,0,0,0,,0,0
586,5f3adfbf2e598b7a0b73c45e,690a01cc1434dcf93977a19f,e92677c4-48c1-4749-bc6a-ffd0d9e29414,0,0,0,0,0,0,0,0,0,0,,1,0
587,637e4351f6c7592941500be6,690a019dc74898c2e1b033bd,e1bba538-2a79-4274-a371-4b458fc5b3f4,1,0,0,0,0,0,0,0,0,0,,0,0
588,56abcb46f209e0000adab961,690a01dca00e0252bb6f7d1e,451bfafd-c303-45d5-8fe7-ee17961c72d4,1,0,0,1,0,1,0,0,0,0,,0,0
589,5f3adfbf2e598b7a0b73c45e,690a01cc1434dcf93977a19f,93a1ed11-4dbb-4c58-aab4-441c8f438660,0,0,1,0,0,0,0,0,1,0,,0,0
590,637e4351f6c7592941500be6,690a019dc74898c2e1b033bd,25ef18e5-ee0e-4d85-90f5-058038af31c1,0,1,0,0,0,0,0,0,1,0,,0,0
591,637e4351f6c7592941500be6,690a019dc74898c2e1b033bd,da62ca85-d9d8-4248-9e06-89b414cf112a,0,0,0,0,0,0,0,0,1,0,,0,0
592,56abcb46f209e0000adab961,690a01dca00e0252bb6f7d1e,7c4a2257-7e57-466e-80f0-e1d7fc69b37d,0,0,1,0,1,0,0,0,0,0,,0,0
593,5f3adfbf2e598b7a0b73c45e,690a01cc1434dcf93977a19f,2f5f1fbe-e9d6-48c9-87d5-3cd32cf44d59,0,0,0,0,0,1,1,0,0,0,,0,0
594,5f3adfbf2e598b7a0b73c45e,690a01cc1434dcf93977a19f,d873affb-b38d-40f2-8fa2-f683adf99d85,0,0,0,0,0,0,0,1,0,0,,0,0
595,56abcb46f209e0000adab961,690a01dca00e0252bb6f7d1e,fd0741e3-8673-4169-a886-d6db49d74d8f,1,0,0,0,0,1,0,1,0,0,,0,0
596,5f3adfbf2e598b7a0b73c45e,690a01cc1434dcf93977a19f,cf5d89ce-f4e0-4df6-ba7a-dce7daf39912,0,0,1,0,1,1,1,0,0,0,,0,0
597,56abcb46f209e0000adab961,690a01dca00e0252bb6f7d1e,587f2b16-19de-4126-8840-9343e6b9eb64,1,0,1,1,0,1,0,0,0,0,,0,0
598,637e4351f6c7592941500be6,690a019dc74898c2e1b033bd,fdcf27e9-0f92-4f2e-a07a-a3eaec2353fb,0,0,0,0,1,1,0,1,0,0,,0,0
599,5f3adfbf2e598b7a0b73c45e,690a01cc1434dcf93977a19f,230a26d0-82be-49f3-ba09-f7c1d23b2c4e,0,0,0,0,0,0,0,0,0,0,,1,0
600,5af6e439672ea800010d4e92,690a02148187be5a2b248780,f1e92313-dc8c-4e37-829d-defe6563e99a,1,0,0,0,0,0,0,0,0,0,,0,0
601,637e4351f6c7592941500be6,690a019dc74898c2e1b033bd,dc6f01ab-eefc-4f0e-b773-e4dba7e4e8fa,0,0,0,1,1,0,0,0,0,0,,0,0
602,637e4351f6c7592941500be6,690a019dc74898c2e1b033bd,526e4003-880a-431b-9f77-93d6467a189c,0,0,0,0,0,1,1,0,0,0,,0,0
603,5f3adfbf2e598b7a0b73c45e,690a01cc1434dcf93977a19f,09831b27-d146-4461-8e2f-19aa562b81fb,0,0,0,1,1,0,0,0,0,0,,0,0
604,5af6e439672ea800010d4e92,690a02148187be5a2b248780,95ea17de-c44b-42f6-94db-980f62879e86,0,0,0,0,0,0,0,1,0,0,,0,0
605,637e4351f6c7592941500be6,690a019dc74898c2e1b033bd,31d8abad-eccf-49a9-b1ca-d31b842d9726,0,0,0,0,0,0,0,0,0,0,,0,1
606,5f3adfbf2e598b7a0b73c45e,690a01cc1434dcf93977a19f,7c4a2257-7e57-466e-80f0-e1d7fc69b37d,0,0,1,0,0,0,0,1,0,0,,0,0
607,637e4351f6c7592941500be6,690a019dc74898c2e1b033bd,27e9e3b2-2227-4be9-9e9f-1b8337a250a7,1,0,0,0,0,0,0,0,1,0,,0,0
608,5af6e439672ea800010d4e92,690a02148187be5a2b248780,d78bb9e3-60ee-4774-88a5-7045334e9fcd,0,0,0,0,0,0,0,1,0,0,,0,0
609,637e4351f6c7592941500be6,690a019dc74898c2e1b033bd,c471dece-d56b-48ac-b56f-b5a40428fe4c,1,0,0,0,0,0,0,0,1,0,,0,0
610,5f3adfbf2e598b7a0b73c45e,690a01cc1434dcf93977a19f,5987a00f-2393-467a-b4aa-317731da9ed2,0,0,0,0,0,0,0,0,1,0,,0,0
611,56abcb46f209e0000adab961,690a01dca00e0252bb6f7d1e,157c2385-8d51-4f75-982c-36c707cc037a,0,0,0,1,0,0,0,0,1,0,,0,0
612,5af6e439672ea800010d4e92,690a02148187be5a2b248780,07a4a437-b538-476e-b1b0-957c5665c763,0,0,0,0,1,0,0,0,0,0,,0,0
613,5f3adfbf2e598b7a0b73c45e,690a01cc1434dcf93977a19f,480a4fb0-e1ec-4550-aa2e-d4c3b03ad983,1,0,0,0,0,0,0,0,1,0,,0,0
614,56abcb46f209e0000adab961,690a01dca00e0252bb6f7d1e,f1e92313-dc8c-4e37-829d-defe6563e99a,1,0,0,0,1,1,0,0,0,0,,0,0
615,5af6e439672ea800010d4e92,690a02148187be5a2b248780,23906dd2-fd35-4752-bb82-843151d1f2ca,1,0,0,0,0,0,0,0,0,0,,0,0
616,5f3adfbf2e598b7a0b73c45e,690a01cc1434dcf93977a19f,822cd84e-7f47-4110-bf4b-c29e6c86f3b6,0,0,0,0,1,1,1,0,0,0,,0,0
617,56abcb46f209e0000adab961,690a01dca00e0252bb6f7d1e,c5ea6a47-be35-4bee-a6b6-9a8cf67ef369,1,0,0,0,0,0,0,0,1,0,,0,0
618,5f3adfbf2e598b7a0b73c45e,690a01cc1434dcf93977a19f,9b89f9b5-ea62-47a2-ba30-3129b0b8077f,0,0,1,0,1,0,0,0,0,0,,0,0
619,5f3adfbf2e598b7a0b73c45e,690a01cc1434dcf93977a19f,dced8c78-20fd-4bbe-976f-068cfe54fe58,1,0,0,0,0,0,0,1,0,0,,0,0
620,56abcb46f209e0000adab961,690a01dca00e0252bb6f7d1e,7d86cc99-5199-43a0-bce7-7f576b5273e9,0,0,1,1,0,0,0,1,0,0,,0,0
621,5f3adfbf2e598b7a0b73c45e,690a01cc1434dcf93977a19f,0c1eed8f-60fb-4d9b-bb57-47f7c5a4fad1,1,0,0,0,0,0,0,0,0,0,,0,0
622,5f3adfbf2e598b7a0b73c45e,690a01cc1434dcf93977a19f,438c5e98-30be-4431-9992-dc77208c4bca,0,0,0,0,0,0,1,0,0,0,,0,0
623,5f3adfbf2e598b7a0b73c45e,690a01cc1434dcf93977a19f,58126587-6142-4316-8447-bac8af4409d3,1,0,0,0,1,0,0,0,0,0,,0,0
624,5af6e439672ea800010d4e92,690a02148187be5a2b248780,1b44001d-2862-4a2a-af05-b867a4deb6f9,0,0,0,0,1,0,0,0,0,0,,0,0
625,5f3adfbf2e598b7a0b73c45e,690a01cc1434dcf93977a19f,65da7159-da3b-494d-bbef-0d6e32119793,0,0,0,0,0,1,1,0,0,0,,0,0
626,5af6e439672ea800010d4e92,690a02148187be5a2b248780,0c63fb9d-9c54-4a06-a9cc-5bc086c8bb43,0,0,0,0,1,0,0,0,0,0,,0,0
627,56abcb46f209e0000adab961,690a01dca00e0252bb6f7d1e,1fde5f07-c8a8-44a6-9ad8-03727cd6c8b5,1,0,0,1,1,0,0,1,0,0,,0,0
628,63e6378e04ade071ebf9ff9c,690a016df118c736662a1b2f,39e5a2fb-4e56-4b77-8863-55db946afc4b,0,0,1,1,1,0,0,0,0,0,,0,0
629,5f3adfbf2e598b7a0b73c45e,690a01cc1434dcf93977a19f,6b148d72-7406-4ab7-bf03-a4f6a5bcb107,0,0,0,0,0,0,0,0,1,0,,0,0
630,5f3adfbf2e598b7a0b73c45e,690a01cc1434dcf93977a19f,5554515a-9489-48d2-b603-500b5735618d,1,0,0,0,1,0,0,0,0,0,,0,0
631,56abcb46f209e0000adab961,690a01dca00e0252bb6f7d1e,65e97fdf-1e43-45ae-a3ff-00cd630efc74,1,0,0,1,0,0,0,1,0,0,,0,0
632,5f3adfbf2e598b7a0b73c45e,690a01cc1434dcf93977a19f,e1861131-b3be-4aef-9ac5-fa9a4033b349,0,0,0,1,0,1,0,0,0,0,,0,0
633,5f3adfbf2e598b7a0b73c45e,690a01cc1434dcf93977a19f,f8cf7bc2-1501-4a87-b3da-65365e774acb,0,0,0,0,0,1,1,0,0,0,,0,0
634,5af6e439672ea800010d4e92,690a02148187be5a2b248780,5c8a26fc-42b7-4527-8f89-b2943d9f991b,0,0,0,0,1,0,0,0,0,0,,0,0
635,56abcb46f209e0000adab961,690a01dca00e0252bb6f7d1e,7c536ca3-fa0f-4df5-8883-61c4bd3da314,0,0,1,1,1,1,1,0,0,0,,0,0
636,5f3adfbf2e598b7a0b73c45e,690a01cc1434dcf93977a19f,7f353420-63e8-4291-bb2d-b5f4d2a6ef87,1,0,0,0,1,0,0,0,0,0,,0,0
637,56abcb46f209e0000adab961,690a01dca00e0252bb6f7d1e,34d7ea05-1eb6-4504-9cd9-e34a06061029,1,0,0,0,0,1,1,1,0,0,,0,0
638,5f3adfbf2e598b7a0b73c45e,690a01cc1434dcf93977a19f,81b778ef-ff52-439e-a368-c4971dc2d06a,0,0,0,0,1,1,0,0,0,0,,0,0
639,5af6e439672ea800010d4e92,690a02148187be5a2b248780,e5b12311-10a0-45c1-8cd5-5087a14c0184,0,0,0,0,0,0,0,1,0,0,,0,0
640,63e6378e04ade071ebf9ff9c,690a016df118c736662a1b2f,d840a74a-05e7-4455-bc66-9d9ea955ce23,0,0,0,0,0,1,0,0,0,0,,0,0
641,5af6e439672ea800010d4e92,690a02148187be5a2b248780,cf5d89ce-f4e0-4df6-ba7a-dce7daf39912,0,0,0,0,0,1,0,0,0,0,,0,0
642,5f3adfbf2e598b7a0b73c45e,690a01cc1434dcf93977a19f,b21c68d3-e72c-422c-b7d1-962cceb6f896,0,0,0,0,1,1,0,0,0,0,,0,0
643,56abcb46f209e0000adab961,690a01dca00e0252bb6f7d1e,e2c4c2a4-a524-478d-bd70-7ca03c2eaa04,1,0,0,0,0,0,0,0,0,0,,0,0
644,5f3adfbf2e598b7a0b73c45e,690a01cc1434dcf93977a19f,4d35bef6-a0d5-48b9-adad-b18987e7f16b,0,0,0,0,0,0,0,0,1,0,,0,0
645,5af6e439672ea800010d4e92,690a02148187be5a2b248780,3e4eb78c-03ee-469a-bcac-046af516ee8d,0,0,0,0,0,0,0,0,0,0,,0,1
646,56abcb46f209e0000adab961,690a01dca00e0252bb6f7d1e,7f213f5b-3a41-44d0-b96f-e796b67c42c6,1,0,0,0,1,0,0,0,0,0,,0,0
647,5f3adfbf2e598b7a0b73c45e,690a01cc1434dcf93977a19f,ee613555-e42b-429d-ab85-c925456cf40c,0,0,0,0,0,0,0,0,1,0,,0,0
648,63e6378e04ade071ebf9ff9c,690a016df118c736662a1b2f,ebe65363-98d0-4992-8542-2be931cfecf6,0,0,0,0,1,1,0,0,0,0,,0,0
649,5f3adfbf2e598b7a0b73c45e,690a01cc1434dcf93977a19f,451bfafd-c303-45d5-8fe7-ee17961c72d4,0,0,0,0,0,1,0,0,0,0,,0,0
650,56abcb46f209e0000adab961,690a01dca00e0252bb6f7d1e,74db770f-dbf2-48f7-a436-59c949f2e34a,0,0,1,0,0,1,1,1,0,0,,0,0
651,5f3adfbf2e598b7a0b73c45e,690a01cc1434dcf93977a19f,6e21172f-d60f-4d66-8215-d85f20fbbec3,1,0,0,0,1,0,0,0,0,0,,0,0
652,5f3adfbf2e598b7a0b73c45e,690a01cc1434dcf93977a19f,3cb44f5b-fcb1-4367-bbad-8a1900148f7a,0,0,0,0,0,0,0,0,1,0,,0,0
653,63e6378e04ade071ebf9ff9c,690a016df118c736662a1b2f,77a74c12-3e3e-4adc-9f00-8e13e57fdc69,0,0,0,0,0,1,0,1,0,0,,0,0
654,56abcb46f209e0000adab961,690a01dca00e0252bb6f7d1e,df49958e-ffba-40f0-8ccc-347842d27068,1,0,0,0,0,0,0,1,1,0,,0,0
655,5f3adfbf2e598b7a0b73c45e,690a01cc1434dcf93977a19f,df3f549b-83dc-49bb-afe6-b0ddffda5be9,0,1,0,0,0,0,0,0,1,0,,0,0
656,63e6378e04ade071ebf9ff9c,690a016df118c736662a1b2f,2fed3c62-427b-4b0b-ab6f-634b85503d8c,1,0,0,0,0,0,0,0,1,0,,0,0
657,5f3adfbf2e598b7a0b73c45e,690a01cc1434dcf93977a19f,41207e07-5960-4478-b192-5b45d7b266f1,0,1,0,0,0,0,0,0,1,0,,0,0
658,56abcb46f209e0000adab961,690a01dca00e0252bb6f7d1e,a8348902-d5f4-4aba-9d08-b46c7d96a8a7,1,0,0,0,0,1,1,0,0,0,,0,0
659,5f3adfbf2e598b7a0b73c45e,690a01cc1434dcf93977a19f,90abe2ec-23a7-4c84-b900-7a478c0adcc5,0,1,0,0,0,0,0,0,1,0,,0,0
660,5af6e439672ea800010d4e92,690a02148187be5a2b248780,6fe9fa48-104a-45f9-b86c-da1cbeee4da9,1,0,0,0,0,0,0,0,0,0,,0,0
661,5f3adfbf2e598b7a0b73c45e,690a01cc1434dcf93977a19f,9f47edeb-b5cc-4d50-9e44-848f4e7858ad,0,0,0,0,0,0,0,0,1,0,,0,0
662,63e6378e04ade071ebf9ff9c,690a016df118c736662a1b2f,5c8a26fc-42b7-4527-8f89-b2943d9f991b,1,0,0,0,0,1,0,0,0,0,,0,0
663,56abcb46f209e0000adab961,690a01dca00e0252bb6f7d1e,42195a80-55d5-407a-9517-e7ed6f83c76e,0,0,0,0,0,1,1,1,0,0,,0,0
664,5f3adfbf2e598b7a0b73c45e,690a01cc1434dcf93977a19f,7c54b9b0-0d85-4e52-8c4f-0bf2b57db69b,0,0,0,0,0,0,0,0,1,0,,0,0
665,637e4351f6c7592941500be6,690a019dc74898c2e1b033bd,caf602b0-2302-4afc-9725-b21d99851405,0,0,0,0,0,0,0,0,1,0,,0,0
666,5af6e439672ea800010d4e92,690a02148187be5a2b248780,2a91338f-1f82-46b9-907b-1051e1892132,0,0,0,0,0,0,1,0,0,0,,0,0
667,637e4351f6c7592941500be6,690a019dc74898c2e1b033bd,a91e41a7-c209-4b15-a474-0f847ae40f6b,0,0,0,0,0,0,0,0,0,0,,0,1
668,637e4351f6c7592941500be6,690a019dc74898c2e1b033bd,e08b43c6-5d34-4afd-a28f-e12b336527cd,0,0,0,0,0,1,1,0,0,0,,0,0
669,5f3adfbf2e598b7a0b73c45e,690a01cc1434dcf93977a19f,98fb4f05-1a1b-4524-b438-1982cae2fc31,0,0,0,0,0,1,0,0,0,0,,0,0
670,63e6378e04ade071ebf9ff9c,690a016df118c736662a1b2f,6760ff67-8d4d-4df3-b4be-7efde21d57f7,1,0,0,1,1,0,0,0,0,0,,0,0
671,56abcb46f209e0000adab961,690a01dca00e0252bb6f7d1e,e0800a75-cbbb-44af-b56d-987c0732eacc,1,0,1,0,0,0,0,0,0,0,,0,0
672,637e4351f6c7592941500be6,690a019dc74898c2e1b033bd,4c6f1502-99f2-4c93-bbb8-4b1dbbbb0805,0,0,0,0,1,1,1,0,0,0,,0,0
673,637e4351f6c7592941500be6,690a019dc74898c2e1b033bd,5ee6bc4a-8098-4936-bef5-4930306ac4a0,1,0,0,0,0,0,0,0,1,0,,0,0
674,5f3adfbf2e598b7a0b73c45e,690a01cc1434dcf93977a19f,6b682936-874d-4fe9-920c-e159e09bcd0a,1,1,0,0,1,0,0,0,0,0,,0,0
675,5af6e439672ea800010d4e92,690a02148187be5a2b248780,20830b8b-4df8-4203-b156-77874020278f,0,0,0,0,0,1,0,0,0,0,,0,0
676,56abcb46f209e0000adab961,690a01dca00e0252bb6f7d1e,febb6e33-2f4e-4005-a0b7-8318beb69905,1,0,0,0,0,0,1,0,0,0,,0,0
677,637e4351f6c7592941500be6,690a019dc74898c2e1b033bd,c3ab2b89-824c-4c74-92f8-f90268296a2a,0,0,0,0,1,1,0,0,0,0,,0,0
678,5f3adfbf2e598b7a0b73c45e,690a01cc1434dcf93977a19f,d9569d0d-dc8b-487a-a633-67211c51506a,1,0,0,0,0,1,0,1,0,0,,0,0
679,56abcb46f209e0000adab961,690a01dca00e0252bb6f7d1e,06aaac47-6dbb-431f-a397-d3d458a6ecaa,0,0,0,0,0,0,0,0,1,0,,0,0
680,637e4351f6c7592941500be6,690a019dc74898c2e1b033bd,d840a74a-05e7-4455-bc66-9d9ea955ce23,1,0,1,0,0,0,1,0,0,0,,0,0
681,63e6378e04ade071ebf9ff9c,690a016df118c736662a1b2f,81b778ef-ff52-439e-a368-c4971dc2d06a,0,0,0,0,1,1,1,1,0,0,,0,0
682,637e4351f6c7592941500be6,690a019dc74898c2e1b033bd,0c1eed8f-60fb-4d9b-bb57-47f7c5a4fad1,0,0,0,0,0,1,0,0,0,0,,0,0
683,5af6e439672ea800010d4e92,690a02148187be5a2b248780,96794ad5-f662-4265-8dd5-682785a8ed5e,0,0,0,0,0,0,0,0,1,0,,0,0
684,5f3adfbf2e598b7a0b73c45e,690a01cc1434dcf93977a19f,e67e027f-73a8-4e91-bf9e-40d2a9caa8aa,0,0,0,0,0,0,0,0,0,0,,1,0
685,637e4351f6c7592941500be6,690a019dc74898c2e1b033bd,e0800a75-cbbb-44af-b56d-987c0732eacc,0,0,0,1,1,0,0,0,0,0,,0,0
686,56abcb46f209e0000adab961,690a01dca00e0252bb6f7d1e,d78bb9e3-60ee-4774-88a5-7045334e9fcd,1,0,1,0,0,1,1,0,0,0,,0,0
687,5af6e439672ea800010d4e92,690a02148187be5a2b248780,4fe2dbef-c7f5-4ba7-b152-359cc144ea90,0,0,0,0,0,0,0,1,0,0,,0,0
688,5f3adfbf2e598b7a0b73c45e,690a01cc1434dcf93977a19f,ce02da34-e0b6-4dae-9981-417a9a9b8422,0,0,0,0,0,1,0,0,0,0,,0,0
689,637e4351f6c7592941500be6,690a019dc74898c2e1b033bd,0b75227e-4240-4d7c-ac4c-1d28a62daa82,1,0,0,0,1,0,1,0,0,0,,0,0
690,637e4351f6c7592941500be6,690a019dc74898c2e1b033bd,4d443506-71ab-4b5d-91bc-51976d74be0d,0,0,0,1,1,0,0,0,0,0,,0,1
691,56abcb46f209e0000adab961,690a01dca00e0252bb6f7d1e,9f47edeb-b5cc-4d50-9e44-848f4e7858ad,1,0,0,0,0,0,0,0,0,0,,0,0
692,5af6e439672ea800010d4e92,690a02148187be5a2b248780,5b75997d-0eec-46e3-a5ef-10bdda90e938,0,0,0,0,1,0,0,0,0,0,,0,0
693,637e4351f6c7592941500be6,690a019dc74898c2e1b033bd,7461f20a-6917-4897-bd2d-2c6adf5361bb,1,0,0,0,0,0,0,0,0,0,,0,0
694,5f3adfbf2e598b7a0b73c45e,690a01cc1434dcf93977a19f,9d93cd8c-6163-4743-a7a7-d259095d0ad6,0,0,1,0,1,1,0,0,0,0,,0,0
695,637e4351f6c7592941500be6,690a019dc74898c2e1b033bd,d17e3add-7ac8-40c6-af77-3565a069b667,0,0,0,0,1,1,1,0,0,0,,0,0
696,5f3adfbf2e598b7a0b73c45e,690a01cc1434dcf93977a19f,3c7f49bd-9348-46a9-89f2-570866cf8cf2,0,0,0,0,1,0,0,0,0,0,,0,0
697,56abcb46f209e0000adab961,690a01dca00e0252bb6f7d1e,c7f5deb2-d7f8-43f3-a460-0b8a1107039b,0,0,0,0,0,1,1,1,0,0,,0,0
698,637e4351f6c7592941500be6,690a019dc74898c2e1b033bd,3ab8ecba-d8e0-4073-bd67-3b34fbeeb5e2,0,0,0,1,1,0,0,0,0,0,,0,0
699,5f3adfbf2e598b7a0b73c45e,690a01cc1434dcf93977a19f,26e7188e-5f1c-4ec0-8c91-eaf4d7bfa609,0,0,1,0,1,0,0,0,0,0,,0,0
700,637e4351f6c7592941500be6,690a019dc74898c2e1b033bd,3adf6a22-a0f9-450b-917c-3f7939ad2516,0,0,0,0,0,0,0,0,1,0,,0,0
701,63e6378e04ade071ebf9ff9c,690a016df118c736662a1b2f,968d8cf3-bcf4-49df-8317-ff597ba5b289,1,0,0,0,1,1,0,1,1,0,,0,0
702,5f3adfbf2e598b7a0b73c45e,690a01cc1434dcf93977a19f,c38d0262-0d57-4e9d-9a55-22ea852fbf5e,1,0,0,0,1,0,0,0,0,0,,0,0
703,5af6e439672ea800010d4e92,690a02148187be5a2b248780,70751bde-8a1a-4fee-a564-7ccb861870ec,0,0,0,0,0,0,0,0,1,0,,0,0
704,56abcb46f209e0000adab961,690a01dca00e0252bb6f7d1e,4c6f1502-99f2-4c93-bbb8-4b1dbbbb0805,1,0,0,0,0,1,1,0,0,0,,0,0
705,637e4351f6c7592941500be6,690a019dc74898c2e1b033bd,92a28a09-a7b8-4916-b665-5a3d593a17eb,0,0,0,0,0,0,0,0,0,1,Advertising ,0,0
706,5af6e439672ea800010d4e92,690a02148187be5a2b248780,2a38bcb4-59f2-4dca-a26d-bf46e1ccaff3,0,0,0,0,0,0,0,1,0,0,,0,0
707,637e4351f6c7592941500be6,690a019dc74898c2e1b033bd,fe4cf28e-8784-4df7-a99f-93f211725984,1,0,0,0,0,0,0,0,0,0,,0,0
708,5f3adfbf2e598b7a0b73c45e,690a01cc1434dcf93977a19f,bac988ba-915d-4121-87bc-aabb296eeedb,1,0,0,0,1,1,0,0,0,0,,0,0
709,63e6378e04ade071ebf9ff9c,690a016df118c736662a1b2f,9abbf663-f26a-46f0-b68b-26304a67add8,0,0,0,0,0,0,1,0,1,0,,0,0
710,56abcb46f209e0000adab961,690a01dca00e0252bb6f7d1e,bac988ba-915d-4121-87bc-aabb296eeedb,1,0,0,0,0,1,0,0,0,0,,0,0
711,5af6e439672ea800010d4e92,690a02148187be5a2b248780,e236af19-3c54-45e4-914b-9539ef60fde7,0,0,0,0,0,0,0,0,1,0,,0,0
712,5f3adfbf2e598b7a0b73c45e,690a01cc1434dcf93977a19f,27166f6c-6288-402d-997d-e2853b216e4a,1,0,0,0,0,0,0,0,1,0,,0,0
713,5af6e439672ea800010d4e92,690a02148187be5a2b248780,160d0ee4-c2ad-48fe-bc78-79f7ef00b902,0,0,0,0,1,0,0,0,0,0,,0,0
714,63e6378e04ade071ebf9ff9c,690a016df118c736662a1b2f,c2428c11-2844-4b5d-912f-e8af25270c0d,0,0,0,0,0,1,1,0,0,0,,0,0
715,5af6e439672ea800010d4e92,690a02148187be5a2b248780,25ef18e5-ee0e-4d85-90f5-058038af31c1,0,0,0,0,0,0,0,0,1,0,,0,0
716,56abcb46f209e0000adab961,690a01dca00e0252bb6f7d1e,e723b569-4fb3-4723-9eec-0649e1605626,0,0,1,0,0,1,0,0,0,0,,0,0
717,56abcb46f209e0000adab961,690a01dca00e0252bb6f7d1e,caf602b0-2302-4afc-9725-b21d99851405,0,0,0,0,0,0,0,0,1,0,,0,0
718,63e6378e04ade071ebf9ff9c,690a016df118c736662a1b2f,0c1eed8f-60fb-4d9b-bb57-47f7c5a4fad1,0,0,0,0,0,0,0,1,0,0,,0,0
719,56abcb46f209e0000adab961,690a01dca00e0252bb6f7d1e,3acb4863-cc03-43f0-870d-8dbaf0e321b3,0,0,0,0,1,0,0,0,0,0,,0,0
720,5af6e439672ea800010d4e92,690a02148187be5a2b248780,379c90c9-f019-4a9a-a63c-d07b8b8a1cc4,1,0,0,0,0,0,0,0,0,0,,0,0
721,63e6378e04ade071ebf9ff9c,690a016df118c736662a1b2f,265ea968-ecad-42ca-92b0-1207ea00ad98,0,0,0,0,1,1,1,0,0,0,,0,0
722,56abcb46f209e0000adab961,690a01dca00e0252bb6f7d1e,fa3fc350-cf86-4723-bf41-59d80846d961,0,0,0,0,0,0,0,1,0,0,,0,0
723,5af6e439672ea800010d4e92,690a02148187be5a2b248780,b18b9dbd-a343-41bd-9655-c833fd912221,0,0,0,0,1,0,0,0,0,0,,0,0
724,56abcb46f209e0000adab961,690a01dca00e0252bb6f7d1e,4e99ac23-77eb-4386-a281-ec8c68e8b1db,1,0,1,0,0,0,0,0,0,0,,0,0
725,637e4351f6c7592941500be6,690a019dc74898c2e1b033bd,7d86cc99-5199-43a0-bce7-7f576b5273e9,0,0,0,0,1,1,0,0,0,0,,0,0
726,5af6e439672ea800010d4e92,690a02148187be5a2b248780,ae0493ca-ec1a-4f78-8557-41a231645f1a,0,0,0,0,0,0,0,0,1,0,,0,0
727,56abcb46f209e0000adab961,690a01dca00e0252bb6f7d1e,062c336b-644c-4b69-ae7b-fcc7bf4041e9,1,0,0,0,1,1,0,0,0,0,,0,0
728,637e4351f6c7592941500be6,690a019dc74898c2e1b033bd,b0529112-a709-4cf9-b4fa-5a985650dece,0,0,0,0,0,0,0,0,0,0,,0,1
729,63e6378e04ade071ebf9ff9c,690a016df118c736662a1b2f,c38d0262-0d57-4e9d-9a55-22ea852fbf5e,1,0,1,0,1,0,1,0,0,0,,0,0
730,5af6e439672ea800010d4e92,690a02148187be5a2b248780,6a38930c-7864-4324-8109-44f37e408fd4,0,0,0,0,0,0,1,0,0,0,,0,0
731,637e4351f6c7592941500be6,690a019dc74898c2e1b033bd,438c5e98-30be-4431-9992-dc77208c4bca,0,0,0,1,1,0,0,0,0,0,,0,0
732,637e4351f6c7592941500be6,690a019dc74898c2e1b033bd,8d8cd176-3836-4975-a2ff-4bfb4c97772b,1,0,0,0,0,0,0,0,0,0,,0,0
733,5af6e439672ea800010d4e92,690a02148187be5a2b248780,c40fb145-d3be-4ca6-8c23-8b44a7fb894e,0,0,0,0,0,0,0,0,0,0,,0,1
734,56abcb46f209e0000adab961,690a01dca00e0252bb6f7d1e,526e4003-880a-431b-9f77-93d6467a189c,1,0,0,0,0,0,0,0,0,0,,0,0
735,637e4351f6c7592941500be6,690a019dc74898c2e1b033bd,42195a80-55d5-407a-9517-e7ed6f83c76e,1,0,0,0,0,1,1,0,0,0,,0,0
736,5af6e439672ea800010d4e92,690a02148187be5a2b248780,5259da0f-8882-4dd2-809e-288d9ea48a98,0,0,0,0,1,0,0,0,0,0,,0,0
737,637e4351f6c7592941500be6,690a019dc74898c2e1b033bd,109f2160-605e-42ee-afb8-4950e3c4e3cc,1,0,0,0,0,0,0,0,1,0,,0,0
738,5af6e439672ea800010d4e92,690a02148187be5a2b248780,dfd4f9cf-06d3-4716-9a61-8af2bdab28c7,1,0,0,0,0,0,0,0,0,0,,0,0
739,637e4351f6c7592941500be6,690a019dc74898c2e1b033bd,822cd84e-7f47-4110-bf4b-c29e6c86f3b6,0,0,0,0,1,1,0,0,0,0,,0,0
740,63e6378e04ade071ebf9ff9c,690a016df118c736662a1b2f,05d46782-3835-45b3-8c30-422fd3bd8f3e,1,0,0,1,1,1,0,0,0,0,,0,0
741,56abcb46f209e0000adab961,690a01dca00e0252bb6f7d1e,cf5d89ce-f4e0-4df6-ba7a-dce7daf39912,1,0,1,0,0,0,1,0,0,0,,0,0
742,637e4351f6c7592941500be6,690a019dc74898c2e1b033bd,5b109327-6b1a-4489-9d8f-e2a16bd58ec5,1,0,0,0,0,1,1,0,0,0,,0,0
743,63e6378e04ade071ebf9ff9c,690a016df118c736662a1b2f,641d88c1-6814-49a5-bc0e-60a150f2a3b1,0,0,0,1,1,1,1,0,0,0,,0,0
744,56abcb46f209e0000adab961,690a01dca00e0252bb6f7d1e,9937e61a-0f51-4b9e-990a-cdf66f988106,1,0,1,0,0,0,0,0,1,0,,0,0
745,63e6378e04ade071ebf9ff9c,690a016df118c736662a1b2f,8c35b951-26ea-4c2c-9c89-4354368e9e93,1,0,0,0,1,0,0,0,0,0,,0,0
746,56abcb46f209e0000adab961,690a01dca00e0252bb6f7d1e,26e7188e-5f1c-4ec0-8c91-eaf4d7bfa609,0,0,1,0,0,0,0,0,0,0,,0,0
747,63e6378e04ade071ebf9ff9c,690a016df118c736662a1b2f,3cb44f5b-fcb1-4367-bbad-8a1900148f7a,0,0,1,0,0,0,0,0,1,0,,0,0
748,5af6e439672ea800010d4e92,690a02148187be5a2b248780,9dd6521f-df1f-437f-89b5-b6b0ea6a132a,1,0,0,0,0,0,0,0,0,0,,0,0
749,56abcb46f209e0000adab961,690a01dca00e0252bb6f7d1e,c5182d13-e2c2-4a2c-a847-1113baf93cd8,1,0,0,0,0,1,0,0,0,0,,0,0
750,5af6e439672ea800010d4e92,690a02148187be5a2b248780,c319a29b-31a1-4ec9-9612-abcb0dbf3151,0,0,0,0,0,0,1,0,0,0,,0,0
751,63e6378e04ade071ebf9ff9c,690a016df118c736662a1b2f,c7f5deb2-d7f8-43f3-a460-0b8a1107039b,1,0,0,0,0,1,1,0,0,0,,0,0
752,56abcb46f209e0000adab961,690a01dca00e0252bb6f7d1e,ae0493ca-ec1a-4f78-8557-41a231645f1a,1,0,0,0,0,0,0,0,1,0,,0,0
753,5af6e439672ea800010d4e92,690a02148187be5a2b248780,2d0ab5a6-733c-4280-b774-c9a3cff29857,0,0,0,1,0,0,0,0,0,0,,0,0
754,5af6e439672ea800010d4e92,690a02148187be5a2b248780,0dc6c761-a511-4cf4-bfa7-79ea52b6130b,1,0,0,0,0,0,0,0,0,0,,0,0
755,5af6e439672ea800010d4e92,690a02148187be5a2b248780,16389d80-4828-4199-91f7-b37398b5f658,0,0,0,0,1,0,0,0,0,0,,0,0
756,63e6378e04ade071ebf9ff9c,690a016df118c736662a1b2f,3ab8ecba-d8e0-4073-bd67-3b34fbeeb5e2,1,0,1,0,1,0,1,0,0,0,,0,0
757,56abcb46f209e0000adab961,690a01dca00e0252bb6f7d1e,9abbf663-f26a-46f0-b68b-26304a67add8,1,0,0,0,0,0,0,0,1,0,,0,0
758,5af6e439672ea800010d4e92,690a02148187be5a2b248780,a7da4f56-5ef5-413d-9d54-e84cdab395fc,1,0,0,0,0,0,0,0,0,0,,0,0
759,5af6e439672ea800010d4e92,690a02148187be5a2b248780,da62ca85-d9d8-4248-9e06-89b414cf112a,0,0,0,0,0,0,0,0,1,0,,0,0
760,56abcb46f209e0000adab961,690a01dca00e0252bb6f7d1e,94baa392-a042-43e6-84ef-8f86cc755d5a,1,0,0,0,0,0,0,0,0,0,,0,0
761,63e6378e04ade071ebf9ff9c,690a016df118c736662a1b2f,2a91338f-1f82-46b9-907b-1051e1892132,1,0,0,0,0,1,0,0,0,0,,0,0
762,5af6e439672ea800010d4e92,690a02148187be5a2b248780,968d8cf3-bcf4-49df-8317-ff597ba5b289,0,0,0,0,1,0,0,0,0,0,,0,0
763,56abcb46f209e0000adab961,690a01dca00e0252bb6f7d1e,faa51582-e33a-4738-b64e-05b56ea8d41b,1,0,0,0,1,1,0,0,0,0,,0,0
764,5af6e439672ea800010d4e92,690a02148187be5a2b248780,a23c25f5-af4b-4394-9e4f-a0d4db342aab,1,0,0,0,0,0,0,0,0,0,,0,0
765,63e6378e04ade071ebf9ff9c,690a016df118c736662a1b2f,0b1fb664-471d-493a-b6fc-4efe00988d0d,0,0,0,0,0,1,1,0,1,0,,0,0
766,56abcb46f209e0000adab961,690a01dca00e0252bb6f7d1e,8c5148e0-d380-4ee8-bcab-d4cc3c649e28,1,0,0,0,1,1,0,0,0,0,,0,0
767,56abcb46f209e0000adab961,690a01dca00e0252bb6f7d1e,95ea17de-c44b-42f6-94db-980f62879e86,0,0,0,0,0,0,0,0,0,1,"As I said before, i have no idea what this means",1,0
768,63e6378e04ade071ebf9ff9c,690a016df118c736662a1b2f,95ae8f2e-c9e3-4acf-859c-b146955605c1,1,0,0,1,1,0,0,0,0,0,,0,0
769,5af6e439672ea800010d4e92,690a02148187be5a2b248780,739b3112-17c0-4228-9310-af8313c71584,0,0,0,0,0,0,0,1,0,0,,0,0
770,56abcb46f209e0000adab961,690a01dca00e0252bb6f7d1e,bb9e9522-b23b-4eb9-a76d-e32e83cfe9f4,1,0,0,0,0,0,0,0,0,0,,0,0
771,5af6e439672ea800010d4e92,690a02148187be5a2b248780,05d46782-3835-45b3-8c30-422fd3bd8f3e,1,0,0,0,0,0,0,0,0,0,,0,0
772,5af6e439672ea800010d4e92,690a02148187be5a2b248780,e0800a75-cbbb-44af-b56d-987c0732eacc,0,0,0,0,1,0,0,0,0,0,,0,0
773,63e6378e04ade071ebf9ff9c,690a016df118c736662a1b2f,4fe2dbef-c7f5-4ba7-b152-359cc144ea90,0,0,1,0,0,1,0,1,0,0,,0,0
774,5af6e439672ea800010d4e92,690a02148187be5a2b248780,6b682936-874d-4fe9-920c-e159e09bcd0a,0,0,0,0,1,0,0,0,0,0,,0,0
775,5af6e439672ea800010d4e92,690a02148187be5a2b248780,8855948b-9217-44fb-b88e-d720fb1b85f1,0,0,0,0,1,0,0,0,0,0,,0,0
776,5af6e439672ea800010d4e92,690a02148187be5a2b248780,f052e783-6f44-4020-8fe3-8f082aab5e6e,0,0,0,0,0,0,1,0,0,0,,0,0
777,63e6378e04ade071ebf9ff9c,690a016df118c736662a1b2f,be3c27f8-e587-450c-be81-c7e6e2cec608,0,0,1,0,1,1,1,1,0,0,,0,0
778,5af6e439672ea800010d4e92,690a02148187be5a2b248780,b1f9448c-bafa-4180-9a99-2afb84ec2ebe,0,0,0,0,0,0,1,0,0,0,,0,0
779,5af6e439672ea800010d4e92,690a02148187be5a2b248780,14ea34bf-b4ab-47f0-992a-857b835b00e8,0,0,0,0,1,0,0,0,0,0,,0,0
780,5af6e439672ea800010d4e92,690a02148187be5a2b248780,6e21172f-d60f-4d66-8215-d85f20fbbec3,1,0,0,0,0,0,0,0,0,0,,0,0
781,63e6378e04ade071ebf9ff9c,690a016df118c736662a1b2f,ce02da34-e0b6-4dae-9981-417a9a9b8422,1,0,0,0,0,1,0,0,0,0,,0,0
782,5af6e439672ea800010d4e92,690a02148187be5a2b248780,957e911e-df98-40b2-b7f8-ce226f28e8e2,1,0,0,0,0,0,0,0,0,0,,0,0
783,5af6e439672ea800010d4e92,690a02148187be5a2b248780,3c7f49bd-9348-46a9-89f2-570866cf8cf2,0,0,0,0,1,0,0,0,0,0,,0,0
784,63e6378e04ade071ebf9ff9c,690a016df118c736662a1b2f,50bd31a7-f153-407f-be59-808e670e53d8,1,0,0,0,0,0,0,0,0,0,,0,0
785,5af6e439672ea800010d4e92,690a02148187be5a2b248780,65da7159-da3b-494d-bbef-0d6e32119793,0,0,0,0,1,0,0,0,0,0,,0,0
786,5af6e439672ea800010d4e92,690a02148187be5a2b248780,f1e92313-dc8c-4e37-829d-defe6563e99a,1,0,0,0,0,0,0,0,0,0,,0,0
787,5af6e439672ea800010d4e92,690a02148187be5a2b248780,95ea17de-c44b-42f6-94db-980f62879e86,0,0,0,0,0,0,0,1,0,0,,0,0
788,5af6e439672ea800010d4e92,690a02148187be5a2b248780,07a4a437-b538-476e-b1b0-957c5665c763,0,0,0,0,1,0,0,0,0,0,,0,0
789,63e6378e04ade071ebf9ff9c,690a016df118c736662a1b2f,27e9e3b2-2227-4be9-9e9f-1b8337a250a7,1,0,0,0,0,1,0,0,1,0,,0,0
790,63e6378e04ade071ebf9ff9c,690a016df118c736662a1b2f,160d0ee4-c2ad-48fe-bc78-79f7ef00b902,1,0,0,0,1,0,0,0,0,0,,0,0
791,63e6378e04ade071ebf9ff9c,690a016df118c736662a1b2f,ddc2f955-9396-4558-9215-4c00bfcc10e1,0,0,0,0,0,1,0,0,1,0,,0,0
792,63e6378e04ade071ebf9ff9c,690a016df118c736662a1b2f,01986d45-2e0c-477b-98b5-b89fb1dd2029,1,0,1,0,0,1,0,1,0,0,,0,0
793,63e6378e04ade071ebf9ff9c,690a016df118c736662a1b2f,5be11f5f-5886-4eff-9c3c-707640ec2279,0,0,1,0,1,1,1,1,0,0,,0,0
794,63e6378e04ade071ebf9ff9c,690a016df118c736662a1b2f,12e8ba99-b730-4360-ba48-41a0fecb340c,0,0,0,1,1,1,0,0,0,0,,0,0
795,63e6378e04ade071ebf9ff9c,690a016df118c736662a1b2f,8c5148e0-d380-4ee8-bcab-d4cc3c649e28,1,0,1,0,1,1,0,0,0,0,,0,0
796,63e6378e04ade071ebf9ff9c,690a016df118c736662a1b2f,a7da4f56-5ef5-413d-9d54-e84cdab395fc,1,0,0,1,0,1,0,0,0,0,,0,0
797,63e6378e04ade071ebf9ff9c,690a016df118c736662a1b2f,e98c45af-b865-4173-b07d-59ee9231e9e4,1,0,0,1,1,0,0,0,0,0,,0,0
798,63e6378e04ade071ebf9ff9c,690a016df118c736662a1b2f,2e460405-3814-48a9-be65-a0f565c3b4da,0,0,0,0,0,0,1,0,1,0,,0,0
799,63e6378e04ade071ebf9ff9c,690a016df118c736662a1b2f,3c7f49bd-9348-46a9-89f2-570866cf8cf2,0,0,0,1,1,0,1,0,0,0,,0,0
800,63e6378e04ade071ebf9ff9c,690a016df118c736662a1b2f,bf8642d9-c81a-4678-a1aa-69d364b54b39,0,0,0,1,0,1,0,0,0,0,,0,0
801,63e6378e04ade071ebf9ff9c,690a016df118c736662a1b2f,e4ff9618-bfc0-4fa6-9197-a53400c28aac,1,0,1,0,1,0,0,0,0,0,,0,0
802,63e6378e04ade071ebf9ff9c,690a016df118c736662a1b2f,3a86f631-ab1b-4571-9a2a-f2e19b42a884,1,0,0,0,1,0,0,0,0,0,,0,0
803,63e6378e04ade071ebf9ff9c,690a016df118c736662a1b2f,61d9ce88-49af-405d-9fc9-74f230a7ea6a,1,0,0,0,0,1,0,0,1,0,,0,0
804,63e6378e04ade071ebf9ff9c,690a016df118c736662a1b2f,b7ae16d3-b04e-4a6c-ac63-0cc3e3f97d02,1,0,0,0,0,1,0,1,0,0,,0,0
805,63e6378e04ade071ebf9ff9c,690a016df118c736662a1b2f,1b0c9e94-0706-42fa-8924-6cf7d5b23ea5,1,0,0,0,1,0,0,1,0,0,,0,0
806,63e6378e04ade071ebf9ff9c,690a016df118c736662a1b2f,35b79e14-1d66-46ae-b633-3086a83984d4,0,0,1,0,0,0,0,0,1,0,,0,0
807,63e6378e04ade071ebf9ff9c,690a016df118c736662a1b2f,fe4cf28e-8784-4df7-a99f-93f211725984,1,0,1,0,0,0,0,0,0,0,,0,0
808,63e6378e04ade071ebf9ff9c,690a016df118c736662a1b2f,3aea37ac-bc63-426b-9e5f-74ee876f8d46,0,0,1,0,0,0,0,0,1,0,,0,0
809,63e6378e04ade071ebf9ff9c,690a016df118c736662a1b2f,336064ca-6225-4f4d-b494-d491f5374791,0,0,0,1,0,1,1,1,0,0,,0,0
810,63e6378e04ade071ebf9ff9c,690a016df118c736662a1b2f,ebb79819-ae51-4f9b-b14d-5ae3411ccfc0,0,0,0,0,1,1,0,1,0,0,,0,0
811,63e6378e04ade071ebf9ff9c,690a016df118c736662a1b2f,e0800a75-cbbb-44af-b56d-987c0732eacc,0,0,1,1,1,0,0,1,0,0,,0,0
812,63e6378e04ade071ebf9ff9c,690a016df118c736662a1b2f,39e5a2fb-4e56-4b77-8863-55db946afc4b,0,0,1,1,1,0,0,0,0,0,,0,0
813,63e6378e04ade071ebf9ff9c,690a016df118c736662a1b2f,d840a74a-05e7-4455-bc66-9d9ea955ce23,1,0,0,0,0,1,0,0,0,0,,0,0
814,63e6378e04ade071ebf9ff9c,690a016df118c736662a1b2f,77a74c12-3e3e-4adc-9f00-8e13e57fdc69,0,0,0,0,0,1,1,1,0,0,,0,0
